X,CH1,CH2,Start,Increment,
Sequence,Volt,Volt,-6.001200e-02,1.000000e-04
0,-5.60e-01,-8.00e+00,
1,-7.20e-01,-7.20e+00,
2,-5.60e-01,-8.00e+00,
3,-7.20e-01,-6.40e+00,
4,-7.20e-01,-8.00e+00,
5,-5.60e-01,-6.40e+00,
6,-5.60e-01,-6.40e+00,
7,-7.20e-01,-8.00e+00,
8,-7.20e-01,-7.20e+00,
9,-5.60e-01,-6.40e+00,
10,-7.20e-01,-7.20e+00,
11,-5.60e-01,-6.40e+00,
12,-6.40e-01,-6.40e+00,
13,-5.60e-01,-8.00e+00,
14,-5.60e-01,-6.40e+00,
15,-6.40e-01,-8.00e+00,
16,-6.40e-01,-8.00e+00,
17,-4.80e-01,-6.40e+00,
18,-6.40e-01,-6.40e+00,
19,-4.80e-01,-8.00e+00,
20,-4.80e-01,-7.20e+00,
21,-6.40e-01,-5.60e+00,
22,-6.40e-01,-7.20e+00,
23,-5.60e-01,-5.60e+00,
24,-6.40e-01,-7.20e+00,
25,-4.80e-01,-5.60e+00,
26,-4.80e-01,-7.20e+00,
27,-6.40e-01,-5.60e+00,
28,-4.80e-01,-7.20e+00,
29,-5.60e-01,-5.60e+00,
30,-5.60e-01,-7.20e+00,
31,-4.00e-01,-5.60e+00,
32,-4.00e-01,-6.40e+00,
33,-5.60e-01,-5.60e+00,
34,-5.60e-01,-6.40e+00,
35,-4.00e-01,-4.80e+00,
36,-5.60e-01,-4.80e+00,
37,-4.00e-01,-6.40e+00,
38,-4.00e-01,-6.40e+00,
39,-5.60e-01,-4.80e+00,
40,-4.80e-01,-6.40e+00,
41,-4.00e-01,-4.80e+00,
42,-4.80e-01,-6.40e+00,
43,-3.20e-01,-4.80e+00,
44,-4.80e-01,-4.80e+00,
45,-3.20e-01,-6.40e+00,
46,-3.20e-01,-5.60e+00,
47,-4.80e-01,-4.00e+00,
48,-4.80e-01,-4.00e+00,
49,-3.20e-01,-4.80e+00,
50,-4.00e-01,-4.00e+00,
51,-2.40e-01,-5.60e+00,
52,-4.00e-01,-5.60e+00,
53,-2.40e-01,-4.00e+00,
54,-4.00e-01,-4.80e+00,
55,-2.40e-01,-3.20e+00,
56,-2.40e-01,-4.80e+00,
57,-4.00e-01,-3.20e+00,
58,-4.00e-01,-3.20e+00,
59,-2.40e-01,-4.80e+00,
60,-3.20e-01,-4.80e+00,
61,-1.60e-01,-3.20e+00,
62,-1.60e-01,-4.80e+00,
63,-3.20e-01,-3.20e+00,
64,-2.40e-01,-4.00e+00,
65,-3.20e-01,-2.40e+00,
66,-3.20e-01,-4.00e+00,
67,-1.60e-01,-2.40e+00,
68,-2.40e-01,-2.40e+00,
69,-1.60e-01,-4.00e+00,
70,-2.40e-01,-4.00e+00,
71,-8.00e-02,-2.40e+00,
72,-2.40e-01,-3.20e+00,
73,-8.00e-02,-1.60e+00,
74,-2.40e-01,-3.20e+00,
75,-8.00e-02,-1.60e+00,
76,-1.60e-01,-3.20e+00,
77,0.00e+00,-1.60e+00,
78,0.00e+00,-1.60e+00,
79,-1.60e-01,-3.20e+00,
80,-1.60e-01,-2.40e+00,
81,0.00e+00,-8.00e-01,
82,0.00e+00,-8.00e-01,
83,-1.60e-01,-2.40e+00,
84,-8.00e-02,-8.00e-01,
85,8.00e-02,-2.40e+00,
86,8.00e-02,-8.00e-01,
87,-8.00e-02,-2.40e+00,
88,8.00e-02,0.00e+00,
89,-8.00e-02,-1.60e+00,
90,8.00e-02,0.00e+00,
91,-8.00e-02,-1.60e+00,
92,0.00e+00,-1.60e+00,
93,1.60e-01,0.00e+00,
94,1.60e-01,-8.00e-01,
95,0.00e+00,0.00e+00,
96,1.60e-01,-8.00e-01,
97,0.00e+00,8.00e-01,
98,1.60e-01,8.00e-01,
99,0.00e+00,-8.00e-01,
100,8.00e-02,8.00e-01,
101,2.40e-01,-8.00e-01,
102,2.40e-01,0.00e+00,
103,8.00e-02,1.60e+00,
104,8.00e-02,0.00e+00,
105,2.40e-01,1.60e+00,
106,8.00e-02,1.60e+00,
107,2.40e-01,0.00e+00,
108,1.60e-01,0.00e+00,
109,3.20e-01,1.60e+00,
110,1.60e-01,1.60e+00,
111,3.20e-01,8.00e-01,
112,1.60e-01,8.00e-01,
113,2.40e-01,2.40e+00,
114,1.60e-01,2.40e+00,
115,3.20e-01,8.00e-01,
116,4.00e-01,2.40e+00,
117,2.40e-01,8.00e-01,
118,4.00e-01,1.60e+00,
119,2.40e-01,3.20e+00,
120,4.00e-01,1.60e+00,
121,2.40e-01,3.20e+00,
122,4.00e-01,3.20e+00,
123,2.40e-01,1.60e+00,
124,3.20e-01,3.20e+00,
125,4.80e-01,1.60e+00,
126,4.80e-01,3.20e+00,
127,3.20e-01,2.40e+00,
128,4.80e-01,2.40e+00,
129,3.20e-01,4.00e+00,
130,4.80e-01,3.20e+00,
131,3.20e-01,4.00e+00,
132,3.20e-01,4.00e+00,
133,5.60e-01,2.40e+00,
134,5.60e-01,2.40e+00,
135,4.00e-01,4.00e+00,
136,5.60e-01,3.20e+00,
137,4.00e-01,4.80e+00,
138,5.60e-01,3.20e+00,
139,4.00e-01,4.80e+00,
140,5.60e-01,4.80e+00,
141,4.00e-01,3.20e+00,
142,4.00e-01,3.20e+00,
143,5.60e-01,4.80e+00,
144,4.80e-01,3.20e+00,
145,6.40e-01,4.80e+00,
146,6.40e-01,4.80e+00,
147,4.80e-01,3.20e+00,
148,6.40e-01,4.80e+00,
149,4.80e-01,4.00e+00,
150,4.80e-01,4.00e+00,
151,6.40e-01,4.80e+00,
152,5.60e-01,4.80e+00,
153,4.80e-01,4.00e+00,
154,5.60e-01,4.00e+00,
155,4.80e-01,5.60e+00,
156,5.60e-01,5.60e+00,
157,4.80e-01,4.00e+00,
158,4.80e-01,4.00e+00,
159,6.40e-01,5.60e+00,
160,6.40e-01,5.60e+00,
161,4.80e-01,4.00e+00,
162,6.40e-01,5.60e+00,
163,4.80e-01,4.80e+00,
164,6.40e-01,5.60e+00,
165,4.80e-01,4.00e+00,
166,6.40e-01,5.60e+00,
167,5.60e-01,4.00e+00,
168,7.20e-01,5.60e+00,
169,5.60e-01,4.00e+00,
170,6.40e-01,4.00e+00,
171,8.00e-01,5.60e+00,
172,8.00e-01,5.60e+00,
173,5.60e-01,4.00e+00,
174,8.00e-01,5.60e+00,
175,5.60e-01,4.80e+00,
176,7.20e-01,4.80e+00,
177,5.60e-01,5.60e+00,
178,8.00e-01,5.60e+00,
179,5.60e-01,4.80e+00,
180,6.40e-01,4.80e+00,
181,7.20e-01,5.60e+00,
182,6.40e-01,4.80e+00,
183,5.60e-01,6.40e+00,
184,6.40e-01,4.80e+00,
185,5.60e-01,6.40e+00,
186,6.40e-01,4.80e+00,
187,5.60e-01,6.40e+00,
188,6.40e-01,4.80e+00,
189,5.60e-01,6.40e+00,
190,6.40e-01,4.80e+00,
191,7.20e-01,5.60e+00,
192,5.60e-01,5.60e+00,
193,7.20e-01,4.80e+00,
194,7.20e-01,5.60e+00,
195,5.60e-01,4.00e+00,
196,6.40e-01,5.60e+00,
197,8.00e-01,4.00e+00,
198,6.40e-01,5.60e+00,
199,8.00e-01,4.00e+00,
200,7.20e-01,4.00e+00,
201,5.60e-01,5.60e+00,
202,7.20e-01,4.00e+00,
203,5.60e-01,5.60e+00,
204,6.40e-01,5.60e+00,
205,4.80e-01,4.00e+00,
206,6.40e-01,5.60e+00,
207,4.80e-01,4.00e+00,
208,6.40e-01,4.80e+00,
209,4.80e-01,5.60e+00,
210,6.40e-01,5.60e+00,
211,4.80e-01,4.80e+00,
212,6.40e-01,5.60e+00,
213,4.80e-01,4.00e+00,
214,6.40e-01,5.60e+00,
215,4.80e-01,4.00e+00,
216,6.40e-01,4.80e+00,
217,4.80e-01,4.00e+00,
218,6.40e-01,4.80e+00,
219,4.80e-01,4.00e+00,
220,6.40e-01,4.80e+00,
221,4.80e-01,3.20e+00,
222,6.40e-01,4.80e+00,
223,4.80e-01,3.20e+00,
224,6.40e-01,3.20e+00,
225,4.00e-01,4.80e+00,
226,5.60e-01,3.20e+00,
227,4.00e-01,4.80e+00,
228,4.80e-01,4.80e+00,
229,4.00e-01,3.20e+00,
230,4.00e-01,4.00e+00,
231,5.60e-01,3.20e+00,
232,4.00e-01,4.00e+00,
233,5.60e-01,2.40e+00,
234,5.60e-01,4.00e+00,
235,4.00e-01,2.40e+00,
236,3.20e-01,2.40e+00,
237,4.80e-01,4.00e+00,
238,3.20e-01,2.40e+00,
239,4.80e-01,4.00e+00,
240,4.80e-01,2.40e+00,
241,3.20e-01,3.20e+00,
242,3.20e-01,3.20e+00,
243,4.80e-01,1.60e+00,
244,4.00e-01,3.20e+00,
245,2.40e-01,1.60e+00,
246,4.00e-01,3.20e+00,
247,2.40e-01,1.60e+00,
248,2.40e-01,1.60e+00,
249,4.00e-01,2.40e+00,
250,4.00e-01,2.40e+00,
251,2.40e-01,8.00e-01,
252,4.00e-01,8.00e-01,
253,2.40e-01,2.40e+00,
254,3.20e-01,2.40e+00,
255,1.60e-01,8.00e-01,
256,3.20e-01,8.00e-01,
257,1.60e-01,2.40e+00,
258,3.20e-01,1.60e+00,
259,1.60e-01,0.00e+00,
260,2.40e-01,0.00e+00,
261,8.00e-02,1.60e+00,
262,2.40e-01,0.00e+00,
263,8.00e-02,1.60e+00,
264,8.00e-02,1.60e+00,
265,2.40e-01,0.00e+00,
266,8.00e-02,8.00e-01,
267,2.40e-01,-8.00e-01,
268,1.60e-01,8.00e-01,
269,0.00e+00,-8.00e-01,
270,1.60e-01,8.00e-01,
271,0.00e+00,-8.00e-01,
272,0.00e+00,-8.00e-01,
273,1.60e-01,8.00e-01,
274,1.60e-01,0.00e+00,
275,0.00e+00,-1.60e+00,
276,8.00e-02,-1.60e+00,
277,-8.00e-02,0.00e+00,
278,8.00e-02,-1.60e+00,
279,-8.00e-02,0.00e+00,
280,-8.00e-02,-1.60e+00,
281,8.00e-02,0.00e+00,
282,8.00e-02,-8.00e-01,
283,-8.00e-02,-2.40e+00,
284,0.00e+00,-2.40e+00,
285,-1.60e-01,-8.00e-01,
286,0.00e+00,-8.00e-01,
287,-1.60e-01,-2.40e+00,
288,-1.60e-01,-1.60e+00,
289,0.00e+00,-2.40e+00,
290,0.00e+00,-1.60e+00,
291,-1.60e-01,-3.20e+00,
292,0.00e+00,-3.20e+00,
293,-2.40e-01,-1.60e+00,
294,-8.00e-02,-2.40e+00,
295,-2.40e-01,-1.60e+00,
296,-8.00e-02,-1.60e+00,
297,-2.40e-01,-3.20e+00,
298,-8.00e-02,-2.40e+00,
299,-2.40e-01,-4.00e+00,
300,-1.60e-01,-2.40e+00,
301,-3.20e-01,-4.00e+00,
302,-1.60e-01,-2.40e+00,
303,-3.20e-01,-4.00e+00,
304,-3.20e-01,-2.40e+00,
305,-2.40e-01,-4.00e+00,
306,-3.20e-01,-4.00e+00,
307,-1.60e-01,-3.20e+00,
308,-1.60e-01,-3.20e+00,
309,-3.20e-01,-4.80e+00,
310,-2.40e-01,-4.80e+00,
311,-4.00e-01,-3.20e+00,
312,-2.40e-01,-3.20e+00,
313,-4.00e-01,-4.80e+00,
314,-3.20e-01,-3.20e+00,
315,-4.00e-01,-4.80e+00,
316,-4.00e-01,-4.80e+00,
317,-2.40e-01,-4.00e+00,
318,-2.40e-01,-4.00e+00,
319,-4.00e-01,-5.60e+00,
320,-3.20e-01,-5.60e+00,
321,-4.80e-01,-4.00e+00,
322,-4.80e-01,-4.00e+00,
323,-3.20e-01,-4.80e+00,
324,-3.20e-01,-4.00e+00,
325,-4.80e-01,-5.60e+00,
326,-4.80e-01,-5.60e+00,
327,-3.20e-01,-4.00e+00,
328,-3.20e-01,-4.80e+00,
329,-4.80e-01,-6.40e+00,
330,-3.20e-01,-6.40e+00,
331,-4.80e-01,-4.80e+00,
332,-4.00e-01,-6.40e+00,
333,-5.60e-01,-4.80e+00,
334,-5.60e-01,-5.60e+00,
335,-4.00e-01,-4.80e+00,
336,-5.60e-01,-4.80e+00,
337,-4.00e-01,-6.40e+00,
338,-5.60e-01,-4.80e+00,
339,-4.00e-01,-6.40e+00,
340,-4.00e-01,-5.60e+00,
341,-5.60e-01,-7.20e+00,
342,-5.60e-01,-7.20e+00,
343,-4.00e-01,-5.60e+00,
344,-5.60e-01,-7.20e+00,
345,-4.80e-01,-5.60e+00,
346,-4.80e-01,-7.20e+00,
347,-6.40e-01,-5.60e+00,
348,-4.80e-01,-7.20e+00,
349,-6.40e-01,-5.60e+00,
350,-5.60e-01,-5.60e+00,
351,-6.40e-01,-7.20e+00,
352,-6.40e-01,-7.20e+00,
353,-4.80e-01,-5.60e+00,
354,-6.40e-01,-7.20e+00,
355,-4.80e-01,-6.40e+00,
356,-4.80e-01,-6.40e+00,
357,-6.40e-01,-8.00e+00,
358,-4.80e-01,-8.00e+00,
359,-6.40e-01,-6.40e+00,
360,-6.40e-01,-8.00e+00,
361,-4.80e-01,-6.40e+00,
362,-5.60e-01,-8.00e+00,
363,-6.40e-01,-6.40e+00,
364,-5.60e-01,-7.20e+00,
365,-6.40e-01,-6.40e+00,
366,-5.60e-01,-7.20e+00,
367,-7.20e-01,-6.40e+00,
368,-7.20e-01,-7.20e+00,
369,-5.60e-01,-6.40e+00,
370,-7.20e-01,-7.20e+00,
371,-5.60e-01,-6.40e+00,
372,-7.20e-01,-6.40e+00,
373,-5.60e-01,-8.00e+00,
374,-7.20e-01,-6.40e+00,
375,-5.60e-01,-8.00e+00,
376,-7.20e-01,-6.40e+00,
377,-5.60e-01,-8.00e+00,
378,-7.20e-01,-8.00e+00,
379,-5.60e-01,-6.40e+00,
380,-7.20e-01,-8.00e+00,
381,-5.60e-01,-7.20e+00,
382,-7.20e-01,-8.00e+00,
383,-5.60e-01,-6.40e+00,
384,-7.20e-01,-8.00e+00,
385,-5.60e-01,-7.20e+00,
386,-7.20e-01,-8.00e+00,
387,-5.60e-01,-7.20e+00,
388,-5.60e-01,-7.20e+00,
389,-7.20e-01,-8.80e+00,
390,-5.60e-01,-8.80e+00,
391,-7.20e-01,-7.20e+00,
392,-7.20e-01,-8.80e+00,
393,-5.60e-01,-7.20e+00,
394,-5.60e-01,-8.80e+00,
395,-7.20e-01,-7.20e+00,
396,-5.60e-01,-7.20e+00,
397,-7.20e-01,-8.80e+00,
398,-5.60e-01,-7.20e+00,
399,-7.20e-01,-8.80e+00,
400,-7.20e-01,-8.00e+00,
401,-5.60e-01,-7.20e+00,
402,-5.60e-01,-8.00e+00,
403,-7.20e-01,-7.20e+00,
404,-7.20e-01,-8.00e+00,
405,-5.60e-01,-6.40e+00,
406,-7.20e-01,-6.40e+00,
407,-5.60e-01,-8.00e+00,
408,-7.20e-01,-7.20e+00,
409,-5.60e-01,-6.40e+00,
410,-7.20e-01,-7.20e+00,
411,-5.60e-01,-6.40e+00,
412,-5.60e-01,-6.40e+00,
413,-7.20e-01,-8.00e+00,
414,-5.60e-01,-6.40e+00,
415,-6.40e-01,-8.00e+00,
416,-6.40e-01,-6.40e+00,
417,-4.80e-01,-8.00e+00,
418,-4.80e-01,-8.00e+00,
419,-6.40e-01,-6.40e+00,
420,-6.40e-01,-7.20e+00,
421,-4.80e-01,-6.40e+00,
422,-6.40e-01,-7.20e+00,
423,-5.60e-01,-5.60e+00,
424,-5.60e-01,-7.20e+00,
425,-6.40e-01,-5.60e+00,
426,-6.40e-01,-7.20e+00,
427,-4.80e-01,-5.60e+00,
428,-5.60e-01,-7.20e+00,
429,-4.80e-01,-5.60e+00,
430,-5.60e-01,-7.20e+00,
431,-4.00e-01,-5.60e+00,
432,-4.00e-01,-7.20e+00,
433,-5.60e-01,-5.60e+00,
434,-4.00e-01,-6.40e+00,
435,-5.60e-01,-4.80e+00,
436,-5.60e-01,-6.40e+00,
437,-4.80e-01,-4.80e+00,
438,-5.60e-01,-6.40e+00,
439,-4.00e-01,-4.80e+00,
440,-4.80e-01,-6.40e+00,
441,-4.00e-01,-4.80e+00,
442,-4.80e-01,-4.80e+00,
443,-3.20e-01,-6.40e+00,
444,-3.20e-01,-4.80e+00,
445,-4.80e-01,-5.60e+00,
446,-4.80e-01,-5.60e+00,
447,-3.20e-01,-4.00e+00,
448,-4.80e-01,-4.80e+00,
449,-3.20e-01,-4.00e+00,
450,-3.20e-01,-4.00e+00,
451,-4.80e-01,-5.60e+00,
452,-4.00e-01,-5.60e+00,
453,-2.40e-01,-4.00e+00,
454,-2.40e-01,-4.00e+00,
455,-4.00e-01,-5.60e+00,
456,-4.00e-01,-4.80e+00,
457,-2.40e-01,-3.20e+00,
458,-4.00e-01,-3.20e+00,
459,-2.40e-01,-4.80e+00,
460,-2.40e-01,-4.80e+00,
461,-4.00e-01,-3.20e+00,
462,-3.20e-01,-3.20e+00,
463,-1.60e-01,-4.80e+00,
464,-1.60e-01,-3.20e+00,
465,-3.20e-01,-4.80e+00,
466,-2.40e-01,-4.00e+00,
467,-3.20e-01,-2.40e+00,
468,-3.20e-01,-4.00e+00,
469,-1.60e-01,-2.40e+00,
470,-2.40e-01,-4.00e+00,
471,-8.00e-02,-2.40e+00,
472,-8.00e-02,-3.20e+00,
473,-2.40e-01,-2.40e+00,
474,-1.60e-01,-3.20e+00,
475,-2.40e-01,-1.60e+00,
476,-2.40e-01,-1.60e+00,
477,-8.00e-02,-3.20e+00,
478,-1.60e-01,-3.20e+00,
479,0.00e+00,-1.60e+00,
480,0.00e+00,-1.60e+00,
481,-1.60e-01,-3.20e+00,
482,0.00e+00,-2.40e+00,
483,-1.60e-01,-8.00e-01,
484,0.00e+00,-8.00e-01,
485,-1.60e-01,-2.40e+00,
486,-8.00e-02,-2.40e+00,
487,8.00e-02,-8.00e-01,
488,-8.00e-02,-1.60e+00,
489,8.00e-02,0.00e+00,
490,8.00e-02,0.00e+00,
491,-8.00e-02,-1.60e+00,
492,8.00e-02,0.00e+00,
493,-8.00e-02,-1.60e+00,
494,1.60e-01,-1.60e+00,
495,0.00e+00,0.00e+00,
496,1.60e-01,-8.00e-01,
497,0.00e+00,8.00e-01,
498,0.00e+00,8.00e-01,
499,1.60e-01,-8.00e-01,
500,8.00e-02,-8.00e-01,
501,2.40e-01,8.00e-01,
502,8.00e-02,-8.00e-01,
503,2.40e-01,8.00e-01,
504,2.40e-01,0.00e+00,
505,8.00e-02,1.60e+00,
506,8.00e-02,0.00e+00,
507,2.40e-01,1.60e+00,
508,1.60e-01,1.60e+00,
509,3.20e-01,0.00e+00,
510,3.20e-01,1.60e+00,
511,1.60e-01,0.00e+00,
512,1.60e-01,8.00e-01,
513,3.20e-01,2.40e+00,
514,1.60e-01,2.40e+00,
515,3.20e-01,8.00e-01,
516,2.40e-01,8.00e-01,
517,4.00e-01,2.40e+00,
518,4.00e-01,2.40e+00,
519,2.40e-01,8.00e-01,
520,4.00e-01,1.60e+00,
521,2.40e-01,3.20e+00,
522,2.40e-01,2.40e+00,
523,4.00e-01,3.20e+00,
524,2.40e-01,3.20e+00,
525,4.80e-01,1.60e+00,
526,4.80e-01,3.20e+00,
527,3.20e-01,1.60e+00,
528,4.80e-01,2.40e+00,
529,3.20e-01,4.00e+00,
530,4.80e-01,2.40e+00,
531,3.20e-01,4.00e+00,
532,4.80e-01,4.00e+00,
533,3.20e-01,2.40e+00,
534,4.00e-01,4.00e+00,
535,5.60e-01,2.40e+00,
536,5.60e-01,4.00e+00,
537,4.00e-01,3.20e+00,
538,5.60e-01,3.20e+00,
539,4.00e-01,4.80e+00,
540,4.00e-01,3.20e+00,
541,5.60e-01,4.80e+00,
542,4.00e-01,4.80e+00,
543,5.60e-01,3.20e+00,
544,4.80e-01,3.20e+00,
545,6.40e-01,4.80e+00,
546,6.40e-01,3.20e+00,
547,4.80e-01,4.80e+00,
548,6.40e-01,4.80e+00,
549,4.80e-01,4.00e+00,
550,6.40e-01,4.00e+00,
551,4.80e-01,4.80e+00,
552,6.40e-01,4.80e+00,
553,4.80e-01,4.00e+00,
554,5.60e-01,4.00e+00,
555,4.80e-01,5.60e+00,
556,5.60e-01,4.00e+00,
557,4.80e-01,5.60e+00,
558,4.80e-01,5.60e+00,
559,6.40e-01,4.00e+00,
560,6.40e-01,4.00e+00,
561,4.80e-01,5.60e+00,
562,6.40e-01,5.60e+00,
563,4.80e-01,4.80e+00,
564,6.40e-01,5.60e+00,
565,4.80e-01,4.00e+00,
566,6.40e-01,5.60e+00,
567,4.80e-01,4.00e+00,
568,4.80e-01,5.60e+00,
569,7.20e-01,4.00e+00,
570,8.00e-01,4.00e+00,
571,5.60e-01,5.60e+00,
572,7.20e-01,4.00e+00,
573,5.60e-01,5.60e+00,
574,8.00e-01,5.60e+00,
575,5.60e-01,4.00e+00,
576,8.00e-01,5.60e+00,
577,5.60e-01,4.80e+00,
578,6.40e-01,4.80e+00,
579,7.20e-01,5.60e+00,
580,8.00e-01,4.80e+00,
581,5.60e-01,5.60e+00,
582,5.60e-01,5.60e+00,
583,7.20e-01,4.80e+00,
584,6.40e-01,4.80e+00,
585,5.60e-01,6.40e+00,
586,6.40e-01,6.40e+00,
587,5.60e-01,4.80e+00,
588,6.40e-01,4.80e+00,
589,6.40e-01,6.40e+00,
590,7.20e-01,4.80e+00,
591,5.60e-01,6.40e+00,
592,5.60e-01,5.60e+00,
593,7.20e-01,4.80e+00,
594,7.20e-01,4.80e+00,
595,5.60e-01,5.60e+00,
596,5.60e-01,4.80e+00,
597,8.00e-01,5.60e+00,
598,7.20e-01,5.60e+00,
599,6.40e-01,4.00e+00,
600,7.20e-01,5.60e+00,
601,5.60e-01,4.00e+00,
602,5.60e-01,4.00e+00,
603,7.20e-01,5.60e+00,
604,6.40e-01,4.00e+00,
605,5.60e-01,5.60e+00,
606,6.40e-01,5.60e+00,
607,4.80e-01,4.00e+00,
608,6.40e-01,4.80e+00,
609,4.80e-01,5.60e+00,
610,6.40e-01,5.60e+00,
611,4.80e-01,4.80e+00,
612,6.40e-01,5.60e+00,
613,4.80e-01,4.80e+00,
614,6.40e-01,5.60e+00,
615,4.80e-01,4.00e+00,
616,6.40e-01,5.60e+00,
617,4.80e-01,4.00e+00,
618,6.40e-01,4.00e+00,
619,4.80e-01,4.80e+00,
620,6.40e-01,4.00e+00,
621,4.80e-01,4.80e+00,
622,6.40e-01,4.80e+00,
623,4.80e-01,3.20e+00,
624,6.40e-01,4.80e+00,
625,4.80e-01,3.20e+00,
626,6.40e-01,3.20e+00,
627,4.00e-01,4.80e+00,
628,4.00e-01,3.20e+00,
629,4.80e-01,4.80e+00,
630,4.80e-01,3.20e+00,
631,4.00e-01,4.80e+00,
632,4.00e-01,3.20e+00,
633,5.60e-01,4.00e+00,
634,5.60e-01,4.00e+00,
635,4.00e-01,2.40e+00,
636,5.60e-01,4.00e+00,
637,3.20e-01,2.40e+00,
638,3.20e-01,4.00e+00,
639,4.80e-01,2.40e+00,
640,3.20e-01,2.40e+00,
641,4.80e-01,4.00e+00,
642,4.80e-01,3.20e+00,
643,3.20e-01,1.60e+00,
644,4.80e-01,3.20e+00,
645,3.20e-01,1.60e+00,
646,4.00e-01,3.20e+00,
647,2.40e-01,1.60e+00,
648,4.00e-01,3.20e+00,
649,2.40e-01,1.60e+00,
650,4.00e-01,2.40e+00,
651,2.40e-01,1.60e+00,
652,2.40e-01,2.40e+00,
653,4.00e-01,8.00e-01,
654,3.20e-01,2.40e+00,
655,1.60e-01,8.00e-01,
656,3.20e-01,2.40e+00,
657,1.60e-01,8.00e-01,
658,3.20e-01,8.00e-01,
659,1.60e-01,1.60e+00,
660,3.20e-01,1.60e+00,
661,1.60e-01,0.00e+00,
662,2.40e-01,0.00e+00,
663,8.00e-02,1.60e+00,
664,1.60e-01,1.60e+00,
665,8.00e-02,0.00e+00,
666,8.00e-02,0.00e+00,
667,2.40e-01,1.60e+00,
668,2.40e-01,8.00e-01,
669,8.00e-02,-8.00e-01,
670,1.60e-01,-8.00e-01,
671,0.00e+00,8.00e-01,
672,0.00e+00,8.00e-01,
673,1.60e-01,-8.00e-01,
674,0.00e+00,-8.00e-01,
675,1.60e-01,8.00e-01,
676,0.00e+00,0.00e+00,
677,1.60e-01,-1.60e+00,
678,8.00e-02,-1.60e+00,
679,-8.00e-02,0.00e+00,
680,-8.00e-02,-1.60e+00,
681,8.00e-02,0.00e+00,
682,8.00e-02,-8.00e-01,
683,-8.00e-02,-1.60e+00,
684,-8.00e-02,-8.00e-01,
685,8.00e-02,-2.40e+00,
686,0.00e+00,-8.00e-01,
687,-1.60e-01,-2.40e+00,
688,0.00e+00,-8.00e-01,
689,-1.60e-01,-2.40e+00,
690,-1.60e-01,-2.40e+00,
691,0.00e+00,-8.00e-01,
692,0.00e+00,-1.60e+00,
693,-1.60e-01,-3.20e+00,
694,-8.00e-02,-3.20e+00,
695,-2.40e-01,-1.60e+00,
696,-2.40e-01,-1.60e+00,
697,-8.00e-02,-3.20e+00,
698,-8.00e-02,-1.60e+00,
699,-2.40e-01,-3.20e+00,
700,-8.00e-02,-2.40e+00,
701,-2.40e-01,-4.00e+00,
702,-1.60e-01,-4.00e+00,
703,-3.20e-01,-2.40e+00,
704,-1.60e-01,-2.40e+00,
705,-3.20e-01,-4.00e+00,
706,-3.20e-01,-4.00e+00,
707,-1.60e-01,-2.40e+00,
708,-3.20e-01,-3.20e+00,
709,-1.60e-01,-4.80e+00,
710,-1.60e-01,-4.80e+00,
711,-3.20e-01,-3.20e+00,
712,-2.40e-01,-3.20e+00,
713,-4.00e-01,-4.80e+00,
714,-4.00e-01,-4.80e+00,
715,-2.40e-01,-3.20e+00,
716,-4.00e-01,-3.20e+00,
717,-3.20e-01,-4.80e+00,
718,-4.00e-01,-4.00e+00,
719,-2.40e-01,-5.60e+00,
720,-2.40e-01,-5.60e+00,
721,-4.00e-01,-4.00e+00,
722,-3.20e-01,-4.00e+00,
723,-4.80e-01,-5.60e+00,
724,-3.20e-01,-4.80e+00,
725,-4.80e-01,-4.00e+00,
726,-3.20e-01,-4.00e+00,
727,-4.80e-01,-5.60e+00,
728,-4.80e-01,-5.60e+00,
729,-3.20e-01,-4.80e+00,
730,-4.80e-01,-4.80e+00,
731,-3.20e-01,-6.40e+00,
732,-4.80e-01,-6.40e+00,
733,-4.00e-01,-4.80e+00,
734,-4.00e-01,-4.80e+00,
735,-5.60e-01,-6.40e+00,
736,-4.00e-01,-5.60e+00,
737,-5.60e-01,-4.80e+00,
738,-4.00e-01,-4.80e+00,
739,-5.60e-01,-6.40e+00,
740,-5.60e-01,-6.40e+00,
741,-4.00e-01,-4.80e+00,
742,-5.60e-01,-5.60e+00,
743,-4.00e-01,-7.20e+00,
744,-4.00e-01,-7.20e+00,
745,-5.60e-01,-5.60e+00,
746,-5.60e-01,-7.20e+00,
747,-4.80e-01,-5.60e+00,
748,-4.80e-01,-7.20e+00,
749,-6.40e-01,-5.60e+00,
750,-4.80e-01,-7.20e+00,
751,-6.40e-01,-5.60e+00,
752,-6.40e-01,-7.20e+00,
753,-5.60e-01,-5.60e+00,
754,-6.40e-01,-7.20e+00,
755,-4.80e-01,-5.60e+00,
756,-6.40e-01,-7.20e+00,
757,-4.80e-01,-6.40e+00,
758,-4.80e-01,-6.40e+00,
759,-6.40e-01,-8.00e+00,
760,-6.40e-01,-8.00e+00,
761,-4.80e-01,-6.40e+00,
762,-6.40e-01,-8.00e+00,
763,-5.60e-01,-6.40e+00,
764,-6.40e-01,-6.40e+00,
765,-5.60e-01,-8.00e+00,
766,-6.40e-01,-6.40e+00,
767,-5.60e-01,-8.00e+00,
768,-5.60e-01,-7.20e+00,
769,-7.20e-01,-6.40e+00,
770,-7.20e-01,-7.20e+00,
771,-5.60e-01,-6.40e+00,
772,-7.20e-01,-7.20e+00,
773,-5.60e-01,-6.40e+00,
774,-5.60e-01,-7.20e+00,
775,-7.20e-01,-6.40e+00,
776,-7.20e-01,-6.40e+00,
777,-5.60e-01,-8.00e+00,
778,-5.60e-01,-6.40e+00,
779,-7.20e-01,-8.00e+00,
780,-7.20e-01,-6.40e+00,
781,-5.60e-01,-8.00e+00,
782,-7.20e-01,-8.00e+00,
783,-5.60e-01,-7.20e+00,
784,-7.20e-01,-8.00e+00,
785,-5.60e-01,-7.20e+00,
786,-7.20e-01,-8.00e+00,
787,-5.60e-01,-7.20e+00,
788,-7.20e-01,-8.00e+00,
789,-5.60e-01,-7.20e+00,
790,-5.60e-01,-7.20e+00,
791,-7.20e-01,-8.80e+00,
792,-7.20e-01,-8.80e+00,
793,-5.60e-01,-7.20e+00,
794,-7.20e-01,-8.80e+00,
795,-5.60e-01,-7.20e+00,
796,-5.60e-01,-7.20e+00,
797,-7.20e-01,-8.80e+00,
798,-5.60e-01,-8.00e+00,
799,-7.20e-01,-7.20e+00,
800,-7.20e-01,-8.00e+00,
801,-5.60e-01,-7.20e+00,
802,-7.20e-01,-8.00e+00,
803,-5.60e-01,-7.20e+00,
804,-7.20e-01,-8.00e+00,
805,-5.60e-01,-6.40e+00,
806,-7.20e-01,-8.00e+00,
807,-5.60e-01,-6.40e+00,
808,-7.20e-01,-7.20e+00,
809,-5.60e-01,-6.40e+00,
810,-7.20e-01,-6.40e+00,
811,-5.60e-01,-7.20e+00,
812,-5.60e-01,-7.20e+00,
813,-7.20e-01,-6.40e+00,
814,-5.60e-01,-6.40e+00,
815,-6.40e-01,-8.00e+00,
816,-6.40e-01,-8.00e+00,
817,-4.80e-01,-6.40e+00,
818,-6.40e-01,-8.00e+00,
819,-4.80e-01,-6.40e+00,
820,-4.80e-01,-6.40e+00,
821,-6.40e-01,-8.00e+00,
822,-4.80e-01,-7.20e+00,
823,-6.40e-01,-5.60e+00,
824,-6.40e-01,-7.20e+00,
825,-5.60e-01,-5.60e+00,
826,-6.40e-01,-5.60e+00,
827,-4.80e-01,-7.20e+00,
828,-4.80e-01,-7.20e+00,
829,-5.60e-01,-5.60e+00,
830,-4.80e-01,-7.20e+00,
831,-5.60e-01,-5.60e+00,
832,-5.60e-01,-7.20e+00,
833,-4.00e-01,-5.60e+00,
834,-4.00e-01,-5.60e+00,
835,-5.60e-01,-7.20e+00,
836,-5.60e-01,-6.40e+00,
837,-4.80e-01,-4.80e+00,
838,-5.60e-01,-6.40e+00,
839,-4.00e-01,-4.80e+00,
840,-4.00e-01,-5.60e+00,
841,-5.60e-01,-4.80e+00,
842,-4.80e-01,-4.80e+00,
843,-3.20e-01,-6.40e+00,
844,-4.80e-01,-6.40e+00,
845,-3.20e-01,-4.80e+00,
846,-3.20e-01,-5.60e+00,
847,-4.80e-01,-4.80e+00,
848,-4.80e-01,-5.60e+00,
849,-3.20e-01,-4.00e+00,
850,-4.80e-01,-4.80e+00,
851,-3.20e-01,-4.00e+00,
852,-4.00e-01,-4.00e+00,
853,-3.20e-01,-5.60e+00,
854,-4.00e-01,-5.60e+00,
855,-2.40e-01,-4.00e+00,
856,-4.00e-01,-4.80e+00,
857,-2.40e-01,-3.20e+00,
858,-2.40e-01,-4.80e+00,
859,-4.00e-01,-3.20e+00,
860,-4.00e-01,-4.80e+00,
861,-2.40e-01,-3.20e+00,
862,-3.20e-01,-4.80e+00,
863,-1.60e-01,-3.20e+00,
864,-3.20e-01,-4.80e+00,
865,-1.60e-01,-3.20e+00,
866,-3.20e-01,-4.00e+00,
867,-1.60e-01,-2.40e+00,
868,-3.20e-01,-4.00e+00,
869,-1.60e-01,-2.40e+00,
870,-1.60e-01,-4.00e+00,
871,-3.20e-01,-2.40e+00,
872,-2.40e-01,-4.00e+00,
873,-8.00e-02,-2.40e+00,
874,-2.40e-01,-3.20e+00,
875,-8.00e-02,-1.60e+00,
876,-1.60e-01,-3.20e+00,
877,-2.40e-01,-1.60e+00,
878,-2.40e-01,-1.60e+00,
879,-8.00e-02,-3.20e+00,
880,-1.60e-01,-3.20e+00,
881,0.00e+00,-1.60e+00,
882,-1.60e-01,-2.40e+00,
883,0.00e+00,-8.00e-01,
884,0.00e+00,-1.60e+00,
885,-1.60e-01,-8.00e-01,
886,-1.60e-01,-8.00e-01,
887,0.00e+00,-2.40e+00,
888,-8.00e-02,-2.40e+00,
889,8.00e-02,-8.00e-01,
890,-8.00e-02,-1.60e+00,
891,8.00e-02,0.00e+00,
892,-8.00e-02,-8.00e-01,
893,8.00e-02,0.00e+00,
894,0.00e+00,0.00e+00,
895,1.60e-01,-1.60e+00,
896,1.60e-01,-1.60e+00,
897,0.00e+00,0.00e+00,
898,1.60e-01,-8.00e-01,
899,0.00e+00,8.00e-01,
900,0.00e+00,-8.00e-01,
901,1.60e-01,8.00e-01,
902,8.00e-02,-8.00e-01,
903,2.40e-01,8.00e-01,
904,2.40e-01,0.00e+00,
905,8.00e-02,1.60e+00,
906,8.00e-02,0.00e+00,
907,1.60e-01,1.60e+00,
908,8.00e-02,0.00e+00,
909,2.40e-01,1.60e+00,
910,1.60e-01,0.00e+00,
911,3.20e-01,1.60e+00,
912,3.20e-01,1.60e+00,
913,1.60e-01,8.00e-01,
914,2.40e-01,8.00e-01,
915,1.60e-01,2.40e+00,
916,1.60e-01,2.40e+00,
917,3.20e-01,8.00e-01,
918,2.40e-01,8.00e-01,
919,4.00e-01,2.40e+00,
920,4.00e-01,1.60e+00,
921,2.40e-01,2.40e+00,
922,4.00e-01,1.60e+00,
923,2.40e-01,3.20e+00,
924,4.00e-01,3.20e+00,
925,2.40e-01,1.60e+00,
926,3.20e-01,3.20e+00,
927,4.80e-01,1.60e+00,
928,3.20e-01,3.20e+00,
929,4.80e-01,1.60e+00,
930,3.20e-01,2.40e+00,
931,4.80e-01,4.00e+00,
932,3.20e-01,3.20e+00,
933,4.80e-01,4.00e+00,
934,3.20e-01,4.00e+00,
935,5.60e-01,2.40e+00,
936,5.60e-01,2.40e+00,
937,4.00e-01,4.00e+00,
938,5.60e-01,3.20e+00,
939,4.00e-01,4.00e+00,
940,4.80e-01,3.20e+00,
941,4.00e-01,4.80e+00,
942,4.00e-01,4.80e+00,
943,5.60e-01,3.20e+00,
944,5.60e-01,3.20e+00,
945,4.00e-01,4.80e+00,
946,6.40e-01,4.80e+00,
947,4.80e-01,3.20e+00,
948,6.40e-01,4.80e+00,
949,4.80e-01,4.00e+00,
950,4.80e-01,4.80e+00,
951,6.40e-01,4.00e+00,
952,6.40e-01,4.00e+00,
953,4.80e-01,4.80e+00,
954,5.60e-01,4.00e+00,
955,4.80e-01,5.60e+00,
956,5.60e-01,4.00e+00,
957,4.80e-01,5.60e+00,
958,4.80e-01,5.60e+00,
959,6.40e-01,4.00e+00,
960,6.40e-01,4.80e+00,
961,4.80e-01,5.60e+00,
962,6.40e-01,4.80e+00,
963,4.80e-01,5.60e+00,
964,4.80e-01,5.60e+00,
965,6.40e-01,4.80e+00,
966,6.40e-01,5.60e+00,
967,4.80e-01,4.00e+00,
968,5.60e-01,5.60e+00,
969,6.40e-01,4.00e+00,
970,5.60e-01,4.00e+00,
971,7.20e-01,5.60e+00,
972,6.40e-01,4.00e+00,
973,7.20e-01,5.60e+00,
974,7.20e-01,4.00e+00,
975,6.40e-01,5.60e+00,
976,7.20e-01,5.60e+00,
977,5.60e-01,4.00e+00,
978,8.00e-01,5.60e+00,
979,5.60e-01,4.80e+00,
980,7.20e-01,4.80e+00,
981,5.60e-01,5.60e+00,
982,6.40e-01,5.60e+00,
983,5.60e-01,4.80e+00,
984,6.40e-01,4.80e+00,
985,5.60e-01,6.40e+00,
986,6.40e-01,6.40e+00,
987,5.60e-01,4.80e+00,
988,6.40e-01,6.40e+00,
989,5.60e-01,4.80e+00,
990,6.40e-01,4.80e+00,
991,5.60e-01,5.60e+00,
992,5.60e-01,4.80e+00,
993,7.20e-01,5.60e+00,
994,5.60e-01,4.80e+00,
995,8.00e-01,5.60e+00,
996,7.20e-01,5.60e+00,
997,5.60e-01,4.80e+00,
998,6.40e-01,5.60e+00,
999,7.20e-01,4.00e+00,
1000,8.00e-01,5.60e+00,
1001,5.60e-01,4.00e+00,
1002,7.20e-01,4.00e+00,
1003,5.60e-01,5.60e+00,
1004,8.00e-01,4.00e+00,
1005,5.60e-01,5.60e+00,
1006,7.20e-01,5.60e+00,
1007,5.60e-01,4.00e+00,
1008,6.40e-01,4.80e+00,
1009,4.80e-01,5.60e+00,
1010,6.40e-01,4.80e+00,
1011,4.80e-01,5.60e+00,
1012,4.80e-01,5.60e+00,
1013,6.40e-01,4.80e+00,
1014,6.40e-01,5.60e+00,
1015,4.80e-01,4.00e+00,
1016,6.40e-01,5.60e+00,
1017,4.80e-01,4.00e+00,
1018,5.60e-01,4.00e+00,
1019,6.40e-01,5.60e+00,
1020,4.80e-01,4.00e+00,
1021,6.40e-01,4.80e+00,
1022,4.80e-01,4.00e+00,
1023,6.40e-01,4.80e+00,
1024,6.40e-01,4.80e+00,
1025,4.80e-01,3.20e+00,
1026,6.40e-01,3.20e+00,
1027,4.80e-01,4.80e+00,
1028,5.60e-01,3.20e+00,
1029,4.00e-01,4.80e+00,
1030,4.80e-01,3.20e+00,
1031,4.00e-01,4.80e+00,
1032,4.00e-01,3.20e+00,
1033,5.60e-01,4.80e+00,
1034,5.60e-01,4.00e+00,
1035,4.00e-01,2.40e+00,
1036,5.60e-01,4.00e+00,
1037,4.00e-01,2.40e+00,
1038,4.80e-01,2.40e+00,
1039,3.20e-01,4.00e+00,
1040,4.80e-01,4.00e+00,
1041,3.20e-01,2.40e+00,
1042,4.80e-01,2.40e+00,
1043,3.20e-01,4.00e+00,
1044,4.80e-01,3.20e+00,
1045,3.20e-01,1.60e+00,
1046,4.80e-01,1.60e+00,
1047,2.40e-01,3.20e+00,
1048,4.00e-01,2.40e+00,
1049,2.40e-01,3.20e+00,
1050,4.00e-01,3.20e+00,
1051,2.40e-01,1.60e+00,
1052,2.40e-01,2.40e+00,
1053,4.00e-01,8.00e-01,
1054,4.00e-01,8.00e-01,
1055,1.60e-01,2.40e+00,
1056,3.20e-01,2.40e+00,
1057,1.60e-01,1.60e+00,
1058,1.60e-01,2.40e+00,
1059,3.20e-01,8.00e-01,
1060,1.60e-01,8.00e-01,
1061,3.20e-01,1.60e+00,
1062,3.20e-01,1.60e+00,
1063,1.60e-01,0.00e+00,
1064,2.40e-01,0.00e+00,
1065,8.00e-02,1.60e+00,
1066,8.00e-02,0.00e+00,
1067,2.40e-01,1.60e+00,
1068,8.00e-02,8.00e-01,
1069,2.40e-01,-8.00e-01,
1070,2.40e-01,-8.00e-01,
1071,8.00e-02,8.00e-01,
1072,1.60e-01,-8.00e-01,
1073,0.00e+00,8.00e-01,
1074,0.00e+00,-8.00e-01,
1075,1.60e-01,8.00e-01,
1076,0.00e+00,0.00e+00,
1077,1.60e-01,-1.60e+00,
1078,8.00e-02,-1.60e+00,
1079,0.00e+00,0.00e+00,
1080,8.00e-02,0.00e+00,
1081,-8.00e-02,-1.60e+00,
1082,-8.00e-02,0.00e+00,
1083,8.00e-02,-1.60e+00,
1084,8.00e-02,-8.00e-01,
1085,-8.00e-02,-2.40e+00,
1086,0.00e+00,-2.40e+00,
1087,-8.00e-02,-8.00e-01,
1088,0.00e+00,-1.60e+00,
1089,-1.60e-01,-8.00e-01,
1090,0.00e+00,-2.40e+00,
1091,-1.60e-01,-8.00e-01,
1092,-1.60e-01,-1.60e+00,
1093,0.00e+00,-3.20e+00,
1094,0.00e+00,-1.60e+00,
1095,-1.60e-01,-3.20e+00,
1096,-8.00e-02,-1.60e+00,
1097,-2.40e-01,-2.40e+00,
1098,-8.00e-02,-1.60e+00,
1099,-2.40e-01,-3.20e+00,
1100,-2.40e-01,-2.40e+00,
1101,-8.00e-02,-4.00e+00,
1102,-2.40e-01,-2.40e+00,
1103,-8.00e-02,-4.00e+00,
1104,-1.60e-01,-4.00e+00,
1105,-3.20e-01,-2.40e+00,
1106,-2.40e-01,-4.00e+00,
1107,-3.20e-01,-2.40e+00,
1108,-3.20e-01,-4.00e+00,
1109,-1.60e-01,-2.40e+00,
1110,-3.20e-01,-3.20e+00,
1111,-1.60e-01,-4.80e+00,
1112,-2.40e-01,-4.80e+00,
1113,-4.00e-01,-3.20e+00,
1114,-2.40e-01,-4.80e+00,
1115,-4.00e-01,-3.20e+00,
1116,-4.00e-01,-4.80e+00,
1117,-3.20e-01,-3.20e+00,
1118,-4.00e-01,-4.80e+00,
1119,-2.40e-01,-3.20e+00,
1120,-4.00e-01,-4.00e+00,
1121,-2.40e-01,-5.60e+00,
1122,-4.00e-01,-5.60e+00,
1123,-3.20e-01,-4.00e+00,
1124,-3.20e-01,-4.80e+00,
1125,-4.80e-01,-4.00e+00,
1126,-3.20e-01,-4.00e+00,
1127,-4.80e-01,-5.60e+00,
1128,-4.80e-01,-4.00e+00,
1129,-3.20e-01,-5.60e+00,
1130,-4.80e-01,-4.80e+00,
1131,-3.20e-01,-6.40e+00,
1132,-3.20e-01,-4.80e+00,
1133,-4.80e-01,-6.40e+00,
1134,-4.80e-01,-4.80e+00,
1135,-4.00e-01,-6.40e+00,
1136,-4.00e-01,-5.60e+00,
1137,-5.60e-01,-4.80e+00,
1138,-4.00e-01,-4.80e+00,
1139,-5.60e-01,-6.40e+00,
1140,-5.60e-01,-6.40e+00,
1141,-4.00e-01,-4.80e+00,
1142,-5.60e-01,-5.60e+00,
1143,-4.00e-01,-6.40e+00,
1144,-4.00e-01,-5.60e+00,
1145,-5.60e-01,-7.20e+00,
1146,-4.80e-01,-5.60e+00,
1147,-5.60e-01,-7.20e+00,
1148,-5.60e-01,-7.20e+00,
1149,-4.80e-01,-5.60e+00,
1150,-4.80e-01,-7.20e+00,
1151,-6.40e-01,-5.60e+00,
1152,-4.80e-01,-7.20e+00,
1153,-6.40e-01,-5.60e+00,
1154,-5.60e-01,-7.20e+00,
1155,-6.40e-01,-5.60e+00,
1156,-6.40e-01,-7.20e+00,
1157,-4.80e-01,-5.60e+00,
1158,-6.40e-01,-7.20e+00,
1159,-4.80e-01,-6.40e+00,
1160,-4.80e-01,-6.40e+00,
1161,-6.40e-01,-8.00e+00,
1162,-6.40e-01,-8.00e+00,
1163,-4.80e-01,-6.40e+00,
1164,-6.40e-01,-8.00e+00,
1165,-5.60e-01,-6.40e+00,
1166,-5.60e-01,-7.20e+00,
1167,-6.40e-01,-6.40e+00,
1168,-6.40e-01,-7.20e+00,
1169,-5.60e-01,-6.40e+00,
1170,-5.60e-01,-7.20e+00,
1171,-7.20e-01,-6.40e+00,
1172,-5.60e-01,-7.20e+00,
1173,-7.20e-01,-6.40e+00,
1174,-7.20e-01,-6.40e+00,
1175,-5.60e-01,-7.20e+00,
1176,-7.20e-01,-6.40e+00,
1177,-5.60e-01,-8.00e+00,
1178,-7.20e-01,-6.40e+00,
1179,-5.60e-01,-8.00e+00,
1180,-7.20e-01,-8.00e+00,
1181,-5.60e-01,-6.40e+00,
1182,-7.20e-01,-8.00e+00,
1183,-5.60e-01,-7.20e+00,
1184,-7.20e-01,-8.00e+00,
1185,-5.60e-01,-6.40e+00,
1186,-7.20e-01,-8.00e+00,
1187,-5.60e-01,-7.20e+00,
1188,-5.60e-01,-7.20e+00,
1189,-7.20e-01,-8.80e+00,
1190,-5.60e-01,-7.20e+00,
1191,-7.20e-01,-8.80e+00,
1192,-7.20e-01,-8.80e+00,
1193,-5.60e-01,-7.20e+00,
1194,-7.20e-01,-8.80e+00,
1195,-5.60e-01,-7.20e+00,
1196,-5.60e-01,-7.20e+00,
1197,-7.20e-01,-8.80e+00,
1198,-5.60e-01,-8.80e+00,
1199,-7.20e-01,-7.20e+00,
