Sequence,Volt,Volt,-3.00E-02,5.00E-05
0,-1.84E+00,-2.00E+01,,
1,-2.00E+00,-2.16E+01,,
2,-1.92E+00,-2.16E+01,,
3,-2.08E+00,-2.00E+01,,
4,-1.92E+00,-2.00E+01,,
5,-2.08E+00,-2.24E+01,,
6,-2.00E+00,-2.24E+01,,
7,-2.08E+00,-2.08E+01,,
8,-2.00E+00,-2.08E+01,,
9,-2.16E+00,-2.32E+01,,
10,-2.00E+00,-2.16E+01,,
11,-2.16E+00,-2.32E+01,,
12,-2.08E+00,-2.32E+01,,
13,-2.24E+00,-2.16E+01,,
14,-2.24E+00,-2.16E+01,,
15,-2.08E+00,-2.40E+01,,
16,-2.08E+00,-2.40E+01,,
17,-2.24E+00,-2.24E+01,,
18,-2.16E+00,-2.40E+01,,
19,-2.32E+00,-2.24E+01,,
20,-2.16E+00,-2.24E+01,,
21,-2.32E+00,-2.48E+01,,
22,-2.16E+00,-2.32E+01,,
23,-2.32E+00,-2.48E+01,,
24,-2.24E+00,-2.48E+01,,
25,-2.32E+00,-2.32E+01,,
26,-2.24E+00,-2.48E+01,,
27,-2.32E+00,-2.32E+01,,
28,-2.24E+00,-2.32E+01,,
29,-2.40E+00,-2.48E+01,,
30,-2.24E+00,-2.32E+01,,
31,-2.40E+00,-2.56E+01,,
32,-2.24E+00,-2.56E+01,,
33,-2.40E+00,-2.32E+01,,
34,-2.32E+00,-2.56E+01,,
35,-2.40E+00,-2.40E+01,,
36,-2.32E+00,-2.56E+01,,
37,-2.40E+00,-2.40E+01,,
38,-2.40E+00,-2.56E+01,,
39,-2.32E+00,-2.40E+01,,
40,-2.32E+00,-2.40E+01,,
41,-2.40E+00,-2.56E+01,,
42,-2.32E+00,-2.40E+01,,
43,-2.48E+00,-2.56E+01,,
44,-2.32E+00,-2.40E+01,,
45,-2.48E+00,-2.64E+01,,
46,-2.48E+00,-2.48E+01,,
47,-2.40E+00,-2.64E+01,,
48,-2.40E+00,-2.64E+01,,
49,-2.48E+00,-2.56E+01,,
50,-2.48E+00,-2.64E+01,,
51,-2.32E+00,-2.40E+01,,
52,-2.32E+00,-2.40E+01,,
53,-2.48E+00,-2.64E+01,,
54,-2.32E+00,-2.40E+01,,
55,-2.48E+00,-2.56E+01,,
56,-2.32E+00,-2.56E+01,,
57,-2.40E+00,-2.40E+01,,
58,-2.32E+00,-2.56E+01,,
59,-2.40E+00,-2.40E+01,,
60,-2.24E+00,-2.56E+01,,
61,-2.40E+00,-2.32E+01,,
62,-2.24E+00,-2.48E+01,,
63,-2.40E+00,-2.32E+01,,
64,-2.32E+00,-2.48E+01,,
65,-2.16E+00,-2.32E+01,,
66,-2.32E+00,-2.48E+01,,
67,-2.16E+00,-2.24E+01,,
68,-2.16E+00,-2.24E+01,,
69,-2.32E+00,-2.40E+01,,
70,-2.24E+00,-2.40E+01,,
71,-2.08E+00,-2.16E+01,,
72,-2.08E+00,-2.32E+01,,
73,-2.24E+00,-2.16E+01,,
74,-2.16E+00,-2.32E+01,,
75,-2.00E+00,-2.16E+01,,
76,-2.00E+00,-2.32E+01,,
77,-2.16E+00,-2.08E+01,,
78,-2.00E+00,-2.08E+01,,
79,-2.08E+00,-2.24E+01,,
80,-2.08E+00,-2.24E+01,,
81,-1.92E+00,-2.00E+01,,
82,-2.00E+00,-2.16E+01,,
83,-1.84E+00,-2.00E+01,,
84,-1.84E+00,-2.16E+01,,
85,-2.00E+00,-1.92E+01,,
86,-1.92E+00,-1.92E+01,,
87,-1.76E+00,-2.08E+01,,
88,-1.84E+00,-2.08E+01,,
89,-1.68E+00,-1.84E+01,,
90,-1.76E+00,-2.00E+01,,
91,-1.60E+00,-1.76E+01,,
92,-1.76E+00,-1.76E+01,,
93,-1.60E+00,-1.92E+01,,
94,-1.68E+00,-1.92E+01,,
95,-1.52E+00,-1.68E+01,,
96,-1.68E+00,-1.68E+01,,
97,-1.52E+00,-1.84E+01,,
98,-1.60E+00,-1.84E+01,,
99,-1.44E+00,-1.60E+01,,
100,-1.52E+00,-1.76E+01,,
101,-1.36E+00,-1.52E+01,,
102,-1.52E+00,-1.52E+01,,
103,-1.36E+00,-1.68E+01,,
104,-1.44E+00,-1.68E+01,,
105,-1.28E+00,-1.44E+01,,
106,-1.36E+00,-1.60E+01,,
107,-1.20E+00,-1.36E+01,,
108,-1.36E+00,-1.36E+01,,
109,-1.20E+00,-1.52E+01,,
110,-1.28E+00,-1.44E+01,,
111,-1.12E+00,-1.28E+01,,
112,-1.20E+00,-1.44E+01,,
113,-1.04E+00,-1.20E+01,,
114,-1.20E+00,-1.36E+01,,
115,-9.60E-01,-1.12E+01,,
116,-9.60E-01,-1.12E+01,,
117,-1.12E+00,-1.28E+01,,
118,-8.80E-01,-1.20E+01,,
119,-1.04E+00,-1.04E+01,,
120,-9.60E-01,-1.20E+01,,
121,-8.00E-01,-9.60E+00,,
122,-9.60E-01,-1.04E+01,,
123,-7.20E-01,-8.80E+00,,
124,-8.80E-01,-9.60E+00,,
125,-6.40E-01,-8.00E+00,,
126,-8.00E-01,-8.80E+00,,
127,-5.60E-01,-7.20E+00,,
128,-5.60E-01,-8.00E+00,,
129,-7.20E-01,-6.40E+00,,
130,-6.40E-01,-8.00E+00,,
131,-4.80E-01,-5.60E+00,,
132,-5.60E-01,-7.20E+00,,
133,-4.00E-01,-4.80E+00,,
134,-5.60E-01,-6.40E+00,,
135,-3.20E-01,-4.00E+00,,
136,-4.80E-01,-5.60E+00,,
137,-2.40E-01,-4.00E+00,,
138,-4.00E-01,-4.80E+00,,
139,-1.60E-01,-2.40E+00,,
140,-3.20E-01,-4.00E+00,,
141,-8.00E-02,-2.40E+00,,
142,-2.40E-01,-3.20E+00,,
143,0.00E+00,-1.60E+00,,
144,-1.60E-01,-2.40E+00,,
145,8.00E-02,-8.00E-01,,
146,8.00E-02,-1.60E+00,,
147,-8.00E-02,0.00E+00,,
148,0.00E+00,-1.60E+00,,
149,1.60E-01,8.00E-01,,
150,8.00E-02,-8.00E-01,,
151,2.40E-01,1.60E+00,,
152,1.60E-01,0.00E+00,,
153,3.20E-01,2.40E+00,,
154,1.60E-01,8.00E-01,,
155,4.00E-01,3.20E+00,,
156,2.40E-01,1.60E+00,,
157,4.80E-01,4.00E+00,,
158,3.20E-01,4.00E+00,,
159,5.60E-01,2.40E+00,,
160,4.00E-01,3.20E+00,,
161,6.40E-01,4.80E+00,,
162,4.80E-01,4.00E+00,,
163,7.20E-01,5.60E+00,,
164,6.40E-01,4.80E+00,,
165,8.00E-01,6.40E+00,,
166,7.20E-01,4.80E+00,,
167,8.80E-01,7.20E+00,,
168,7.20E-01,5.60E+00,,
169,9.60E-01,8.00E+00,,
170,8.00E-01,6.40E+00,,
171,1.04E+00,8.80E+00,,
172,8.80E-01,8.80E+00,,
173,1.12E+00,7.20E+00,,
174,9.60E-01,8.00E+00,,
175,1.20E+00,9.60E+00,,
176,1.04E+00,8.80E+00,,
177,1.28E+00,1.04E+01,,
178,1.12E+00,9.60E+00,,
179,1.28E+00,1.12E+01,,
180,1.12E+00,9.60E+00,,
181,1.36E+00,1.20E+01,,
182,1.20E+00,1.20E+01,,
183,1.44E+00,1.04E+01,,
184,1.28E+00,1.12E+01,,
185,1.52E+00,1.28E+01,,
186,1.52E+00,1.20E+01,,
187,1.36E+00,1.36E+01,,
188,1.44E+00,1.28E+01,,
189,1.60E+00,1.44E+01,,
190,1.44E+00,1.44E+01,,
191,1.68E+00,1.28E+01,,
192,1.52E+00,1.36E+01,,
193,1.76E+00,1.52E+01,,
194,1.76E+00,1.36E+01,,
195,1.60E+00,1.60E+01,,
196,1.60E+00,1.60E+01,,
197,1.84E+00,1.44E+01,,
198,1.84E+00,1.52E+01,,
199,1.68E+00,1.68E+01,,
200,1.68E+00,1.60E+01,,
201,1.92E+00,1.68E+01,,
202,1.92E+00,1.60E+01,,
203,1.76E+00,1.76E+01,,
204,1.76E+00,1.76E+01,,
205,2.00E+00,1.60E+01,,
206,1.84E+00,1.76E+01,,
207,2.00E+00,1.76E+01,,
208,2.00E+00,1.76E+01,,
209,1.84E+00,1.92E+01,,
210,1.84E+00,1.92E+01,,
211,2.08E+00,1.68E+01,,
212,1.92E+00,1.76E+01,,
213,2.08E+00,1.92E+01,,
214,1.92E+00,1.84E+01,,
215,2.08E+00,1.92E+01,,
216,2.08E+00,1.84E+01,,
217,1.92E+00,2.00E+01,,
218,1.92E+00,1.84E+01,,
219,2.16E+00,2.00E+01,,
220,2.16E+00,1.84E+01,,
221,1.92E+00,2.00E+01,,
222,2.08E+00,1.92E+01,,
223,2.16E+00,2.00E+01,,
224,2.16E+00,1.92E+01,,
225,2.08E+00,2.00E+01,,
226,2.16E+00,1.92E+01,,
227,2.00E+00,2.08E+01,,
228,2.00E+00,1.92E+01,,
229,2.24E+00,2.08E+01,,
230,2.24E+00,2.08E+01,,
231,2.00E+00,1.92E+01,,
232,2.24E+00,2.00E+01,,
233,2.16E+00,2.08E+01,,
234,2.24E+00,2.00E+01,,
235,2.08E+00,2.16E+01,,
236,2.08E+00,2.00E+01,,
237,2.32E+00,2.16E+01,,
238,2.32E+00,2.00E+01,,
239,2.08E+00,2.16E+01,,
240,2.16E+00,2.08E+01,,
241,2.40E+00,2.24E+01,,
242,2.16E+00,2.08E+01,,
243,2.32E+00,2.24E+01,,
244,2.32E+00,2.08E+01,,
245,2.16E+00,2.16E+01,,
246,2.32E+00,2.08E+01,,
247,2.08E+00,2.16E+01,,
248,2.32E+00,2.16E+01,,
249,2.08E+00,2.00E+01,,
250,2.08E+00,2.00E+01,,
251,2.32E+00,2.16E+01,,
252,2.24E+00,2.00E+01,,
253,2.08E+00,2.08E+01,,
254,2.08E+00,2.00E+01,,
255,2.24E+00,2.08E+01,,
256,2.24E+00,2.08E+01,,
257,2.00E+00,1.92E+01,,
258,2.24E+00,1.92E+01,,
259,2.00E+00,2.08E+01,,
260,2.00E+00,1.92E+01,,
261,2.16E+00,2.08E+01,,
262,2.00E+00,1.92E+01,,
263,2.16E+00,2.00E+01,,
264,2.08E+00,2.00E+01,,
265,2.16E+00,1.84E+01,,
266,2.16E+00,1.84E+01,,
267,1.92E+00,2.00E+01,,
268,1.92E+00,1.84E+01,,
269,2.16E+00,2.00E+01,,
270,2.08E+00,1.84E+01,,
271,1.92E+00,1.92E+01,,
272,2.08E+00,1.92E+01,,
273,2.00E+00,1.76E+01,,
274,2.08E+00,1.92E+01,,
275,1.84E+00,1.68E+01,,
276,1.84E+00,1.84E+01,,
277,2.00E+00,1.76E+01,,
278,2.00E+00,1.76E+01,,
279,1.76E+00,1.68E+01,,
280,1.76E+00,1.76E+01,,
281,2.00E+00,1.60E+01,,
282,1.92E+00,1.68E+01,,
283,1.68E+00,1.52E+01,,
284,1.84E+00,1.68E+01,,
285,1.68E+00,1.52E+01,,
286,1.84E+00,1.60E+01,,
287,1.60E+00,1.44E+01,,
288,1.76E+00,1.52E+01,,
289,1.52E+00,1.36E+01,,
290,1.76E+00,1.36E+01,,
291,1.52E+00,1.52E+01,,
292,1.68E+00,1.44E+01,,
293,1.44E+00,1.28E+01,,
294,1.60E+00,1.36E+01,,
295,1.36E+00,1.20E+01,,
296,1.52E+00,1.36E+01,,
297,1.28E+00,1.12E+01,,
298,1.28E+00,1.12E+01,,
299,1.44E+00,1.28E+01,,
300,1.44E+00,1.20E+01,,
301,1.20E+00,1.04E+01,,
302,1.36E+00,1.12E+01,,
303,1.12E+00,9.60E+00,,
304,1.28E+00,1.12E+01,,
305,1.04E+00,8.80E+00,,
306,1.04E+00,1.04E+01,,
307,1.20E+00,8.00E+00,,
308,1.20E+00,9.60E+00,,
309,9.60E-01,8.00E+00,,
310,1.12E+00,8.80E+00,,
311,8.80E-01,7.20E+00,,
312,1.04E+00,8.00E+00,,
313,8.00E-01,6.40E+00,,
314,9.60E-01,8.00E+00,,
315,7.20E-01,5.60E+00,,
316,7.20E-01,7.20E+00,,
317,8.80E-01,4.80E+00,,
318,5.60E-01,6.40E+00,,
319,8.00E-01,4.00E+00,,
320,7.20E-01,5.60E+00,,
321,4.80E-01,4.00E+00,,
322,6.40E-01,4.80E+00,,
323,4.00E-01,3.20E+00,,
324,5.60E-01,4.00E+00,,
325,3.20E-01,2.40E+00,,
326,4.80E-01,4.00E+00,,
327,2.40E-01,1.60E+00,,
328,4.00E-01,3.20E+00,,
329,2.40E-01,8.00E-01,,
330,3.20E-01,2.40E+00,,
331,1.60E-01,0.00E+00,,
332,2.40E-01,1.60E+00,,
333,8.00E-02,-8.00E-01,,
334,1.60E-01,-8.00E-01,,
335,0.00E+00,8.00E-01,,
336,1.60E-01,0.00E+00,,
337,-8.00E-02,-1.60E+00,,
338,8.00E-02,-8.00E-01,,
339,-1.60E-01,-2.40E+00,,
340,0.00E+00,-1.60E+00,,
341,-2.40E-01,-3.20E+00,,
342,-8.00E-02,-1.60E+00,,
343,-2.40E-01,-4.00E+00,,
344,-3.20E-01,-2.40E+00,,
345,-1.60E-01,-4.80E+00,,
346,-2.40E-01,-3.20E+00,,
347,-4.00E-01,-5.60E+00,,
348,-2.40E-01,-5.60E+00,,
349,-4.80E-01,-4.00E+00,,
350,-3.20E-01,-4.80E+00,,
351,-5.60E-01,-6.40E+00,,
352,-4.00E-01,-5.60E+00,,
353,-6.40E-01,-7.20E+00,,
354,-6.40E-01,-5.60E+00,,
355,-4.80E-01,-8.00E+00,,
356,-5.60E-01,-6.40E+00,,
357,-7.20E-01,-8.80E+00,,
358,-6.40E-01,-8.80E+00,,
359,-8.00E-01,-7.20E+00,,
360,-6.40E-01,-9.60E+00,,
361,-8.80E-01,-8.00E+00,,
362,-8.80E-01,-9.60E+00,,
363,-7.20E-01,-1.12E+01,,
364,-9.60E-01,-9.60E+00,,
365,-8.00E-01,-1.20E+01,,
366,-8.80E-01,-1.20E+01,,
367,-1.04E+00,-1.04E+01,,
368,-8.80E-01,-1.12E+01,,
369,-1.12E+00,-1.28E+01,,
370,-1.12E+00,-1.12E+01,,
371,-9.60E-01,-1.36E+01,,
372,-1.04E+00,-1.20E+01,,
373,-1.20E+00,-1.44E+01,,
374,-1.04E+00,-1.44E+01,,
375,-1.28E+00,-1.28E+01,,
376,-1.28E+00,-1.28E+01,,
377,-1.12E+00,-1.52E+01,,
378,-1.20E+00,-1.36E+01,,
379,-1.36E+00,-1.60E+01,,
380,-1.28E+00,-1.44E+01,,
381,-1.44E+00,-1.60E+01,,
382,-1.44E+00,-1.44E+01,,
383,-1.28E+00,-1.68E+01,,
384,-1.36E+00,-1.52E+01,,
385,-1.52E+00,-1.68E+01,,
386,-1.36E+00,-1.60E+01,,
387,-1.52E+00,-1.76E+01,,
388,-1.44E+00,-1.60E+01,,
389,-1.60E+00,-1.76E+01,,
390,-1.52E+00,-1.68E+01,,
391,-1.68E+00,-1.84E+01,,
392,-1.52E+00,-1.68E+01,,
393,-1.68E+00,-1.92E+01,,
394,-1.60E+00,-1.76E+01,,
395,-1.76E+00,-1.92E+01,,
396,-1.76E+00,-1.76E+01,,
397,-1.60E+00,-2.00E+01,,
398,-1.68E+00,-2.00E+01,,
399,-1.84E+00,-1.84E+01,,
400,-1.68E+00,-1.84E+01,,
401,-1.92E+00,-2.08E+01,,
402,-1.84E+00,-2.08E+01,,
403,-2.00E+00,-1.92E+01,,
404,-1.84E+00,-1.92E+01,,
405,-2.00E+00,-2.16E+01,,
406,-1.92E+00,-2.16E+01,,
407,-2.00E+00,-2.00E+01,,
408,-1.92E+00,-2.00E+01,,
409,-2.08E+00,-2.24E+01,,
410,-1.92E+00,-2.16E+01,,
411,-2.08E+00,-2.24E+01,,
412,-2.00E+00,-2.24E+01,,
413,-2.16E+00,-2.08E+01,,
414,-2.00E+00,-2.08E+01,,
415,-2.16E+00,-2.32E+01,,
416,-2.08E+00,-2.24E+01,,
417,-2.16E+00,-2.32E+01,,
418,-2.08E+00,-2.32E+01,,
419,-2.24E+00,-2.16E+01,,
420,-2.08E+00,-2.24E+01,,
421,-2.24E+00,-2.40E+01,,
422,-2.16E+00,-2.40E+01,,
423,-2.24E+00,-2.24E+01,,
424,-2.16E+00,-2.24E+01,,
425,-2.32E+00,-2.40E+01,,
426,-2.16E+00,-2.32E+01,,
427,-2.32E+00,-2.48E+01,,
428,-2.24E+00,-2.48E+01,,
429,-2.32E+00,-2.32E+01,,
430,-2.24E+00,-2.32E+01,,
431,-2.32E+00,-2.48E+01,,
432,-2.24E+00,-2.48E+01,,
433,-2.40E+00,-2.32E+01,,
434,-2.40E+00,-2.48E+01,,
435,-2.24E+00,-2.32E+01,,
436,-2.24E+00,-2.32E+01,,
437,-2.40E+00,-2.56E+01,,
438,-2.40E+00,-2.40E+01,,
439,-2.24E+00,-2.56E+01,,
440,-2.32E+00,-2.56E+01,,
441,-2.40E+00,-2.40E+01,,
442,-2.32E+00,-2.56E+01,,
443,-2.40E+00,-2.48E+01,,
444,-2.32E+00,-2.56E+01,,
445,-2.40E+00,-2.40E+01,,
446,-2.32E+00,-2.40E+01,,
447,-2.48E+00,-2.56E+01,,
448,-2.32E+00,-2.40E+01,,
449,-2.48E+00,-2.64E+01,,
450,-2.48E+00,-2.64E+01,,
451,-2.40E+00,-2.48E+01,,
452,-2.40E+00,-2.64E+01,,
453,-2.48E+00,-2.48E+01,,
454,-2.48E+00,-2.64E+01,,
455,-2.32E+00,-2.56E+01,,
456,-2.48E+00,-2.64E+01,,
457,-2.32E+00,-2.40E+01,,
458,-2.48E+00,-2.56E+01,,
459,-2.32E+00,-2.40E+01,,
460,-2.32E+00,-2.56E+01,,
461,-2.40E+00,-2.40E+01,,
462,-2.40E+00,-2.56E+01,,
463,-2.32E+00,-2.40E+01,,
464,-2.40E+00,-2.56E+01,,
465,-2.24E+00,-2.40E+01,,
466,-2.24E+00,-2.48E+01,,
467,-2.40E+00,-2.32E+01,,
468,-2.32E+00,-2.48E+01,,
469,-2.24E+00,-2.32E+01,,
470,-2.32E+00,-2.32E+01,,
471,-2.16E+00,-2.48E+01,,
472,-2.16E+00,-2.40E+01,,
473,-2.32E+00,-2.24E+01,,
474,-2.24E+00,-2.40E+01,,
475,-2.08E+00,-2.24E+01,,
476,-2.24E+00,-2.40E+01,,
477,-2.08E+00,-2.16E+01,,
478,-2.24E+00,-2.16E+01,,
479,-2.08E+00,-2.32E+01,,
480,-2.16E+00,-2.32E+01,,
481,-2.00E+00,-2.08E+01,,
482,-2.00E+00,-2.08E+01,,
483,-2.16E+00,-2.24E+01,,
484,-2.08E+00,-2.24E+01,,
485,-1.92E+00,-2.08E+01,,
486,-1.92E+00,-2.16E+01,,
487,-2.08E+00,-2.00E+01,,
488,-2.00E+00,-2.16E+01,,
489,-1.84E+00,-1.92E+01,,
490,-1.84E+00,-2.08E+01,,
491,-2.00E+00,-1.92E+01,,
492,-1.84E+00,-2.08E+01,,
493,-1.68E+00,-1.84E+01,,
494,-1.68E+00,-1.84E+01,,
495,-1.92E+00,-2.00E+01,,
496,-1.76E+00,-2.00E+01,,
497,-1.60E+00,-1.76E+01,,
498,-1.76E+00,-1.76E+01,,
499,-1.60E+00,-1.92E+01,,
500,-1.68E+00,-1.84E+01,,
501,-1.52E+00,-1.68E+01,,
502,-1.60E+00,-1.84E+01,,
503,-1.44E+00,-1.60E+01,,
504,-1.60E+00,-1.60E+01,,
505,-1.44E+00,-1.76E+01,,
506,-1.52E+00,-1.76E+01,,
507,-1.36E+00,-1.52E+01,,
508,-1.44E+00,-1.68E+01,,
509,-1.28E+00,-1.44E+01,,
510,-1.28E+00,-1.44E+01,,
511,-1.44E+00,-1.60E+01,,
512,-1.36E+00,-1.60E+01,,
513,-1.20E+00,-1.36E+01,,
514,-1.28E+00,-1.52E+01,,
515,-1.12E+00,-1.28E+01,,
516,-1.28E+00,-1.44E+01,,
517,-1.04E+00,-1.28E+01,,
518,-1.04E+00,-1.36E+01,,
519,-1.20E+00,-1.20E+01,,
520,-1.12E+00,-1.36E+01,,
521,-9.60E-01,-1.12E+01,,
522,-1.04E+00,-1.28E+01,,
523,-8.80E-01,-1.04E+01,,
524,-1.04E+00,-1.04E+01,,
525,-8.00E-01,-1.20E+01,,
526,-8.00E-01,-1.12E+01,,
527,-9.60E-01,-9.60E+00,,
528,-8.80E-01,-1.12E+01,,
529,-7.20E-01,-8.00E+00,,
530,-8.00E-01,-9.60E+00,,
531,-6.40E-01,-7.20E+00,,
532,-7.20E-01,-8.80E+00,,
533,-5.60E-01,-6.40E+00,,
534,-7.20E-01,-8.00E+00,,
535,-4.80E-01,-5.60E+00,,
536,-6.40E-01,-7.20E+00,,
537,-4.00E-01,-5.60E+00,,
538,-5.60E-01,-6.40E+00,,
539,-3.20E-01,-4.80E+00,,
540,-3.20E-01,-5.60E+00,,
541,-4.80E-01,-4.00E+00,,
542,-4.00E-01,-5.60E+00,,
543,-2.40E-01,-3.20E+00,,
544,-3.20E-01,-4.80E+00,,
545,-1.60E-01,-2.40E+00,,
546,-3.20E-01,-4.00E+00,,
547,-8.00E-02,-1.60E+00,,
548,-2.40E-01,-3.20E+00,,
549,0.00E+00,-8.00E-01,,
550,-1.60E-01,-2.40E+00,,
551,8.00E-02,-8.00E-01,,
552,-8.00E-02,-1.60E+00,,
553,1.60E-01,0.00E+00,,
554,0.00E+00,-8.00E-01,,
555,2.40E-01,8.00E-01,,
556,8.00E-02,0.00E+00,,
557,3.20E-01,1.60E+00,,
558,1.60E-01,8.00E-01,,
559,4.00E-01,2.40E+00,,
560,2.40E-01,1.60E+00,,
561,4.80E-01,3.20E+00,,
562,4.80E-01,1.60E+00,,
563,3.20E-01,4.00E+00,,
564,5.60E-01,2.40E+00,,
565,4.00E-01,4.80E+00,,
566,4.80E-01,3.20E+00,,
567,6.40E-01,5.60E+00,,
568,5.60E-01,4.00E+00,,
569,8.00E-01,6.40E+00,,
570,5.60E-01,6.40E+00,,
571,8.80E-01,4.80E+00,,
572,7.20E-01,5.60E+00,,
573,9.60E-01,7.20E+00,,
574,8.00E-01,6.40E+00,,
575,1.04E+00,8.00E+00,,
576,8.80E-01,7.20E+00,,
577,1.04E+00,8.80E+00,,
578,9.60E-01,7.20E+00,,
579,1.12E+00,9.60E+00,,
580,9.60E-01,8.00E+00,,
581,1.20E+00,1.04E+01,,
582,1.04E+00,1.04E+01,,
583,1.28E+00,8.80E+00,,
584,1.12E+00,9.60E+00,,
585,1.36E+00,1.12E+01,,
586,1.36E+00,1.04E+01,,
587,1.20E+00,1.20E+01,,
588,1.20E+00,1.12E+01,,
589,1.44E+00,1.28E+01,,
590,1.28E+00,1.28E+01,,
591,1.52E+00,1.12E+01,,
592,1.36E+00,1.20E+01,,
593,1.60E+00,1.36E+01,,
594,1.44E+00,1.28E+01,,
595,1.68E+00,1.44E+01,,
596,1.68E+00,1.36E+01,,
597,1.52E+00,1.52E+01,,
598,1.52E+00,1.52E+01,,
599,1.76E+00,1.36E+01,,
600,1.60E+00,1.44E+01,,
601,1.76E+00,1.60E+01,,
602,1.60E+00,1.44E+01,,
603,1.84E+00,1.60E+01,,
604,1.68E+00,1.68E+01,,
605,1.92E+00,1.52E+01,,
606,1.92E+00,1.60E+01,,
607,1.76E+00,1.76E+01,,
608,1.76E+00,1.76E+01,,
609,2.00E+00,1.60E+01,,
610,2.00E+00,1.76E+01,,
611,1.76E+00,1.60E+01,,
612,2.00E+00,1.76E+01,,
613,1.84E+00,1.84E+01,,
614,2.00E+00,1.76E+01,,
615,1.84E+00,1.92E+01,,
616,2.08E+00,1.76E+01,,
617,1.84E+00,1.92E+01,,
618,2.08E+00,1.84E+01,,
619,1.92E+00,1.92E+01,,
620,2.08E+00,1.84E+01,,
621,1.92E+00,1.92E+01,,
622,1.92E+00,1.84E+01,,
623,2.08E+00,2.00E+01,,
624,1.92E+00,1.84E+01,,
625,2.16E+00,2.00E+01,,
626,2.08E+00,1.92E+01,,
627,2.16E+00,2.00E+01,,
628,2.08E+00,1.92E+01,,
629,2.16E+00,2.00E+01,,
630,2.16E+00,1.92E+01,,
631,2.00E+00,2.00E+01,,
632,2.00E+00,1.92E+01,,
633,2.24E+00,2.08E+01,,
634,2.24E+00,1.92E+01,,
635,2.00E+00,2.08E+01,,
636,2.16E+00,2.00E+01,,
637,2.24E+00,2.08E+01,,
638,2.24E+00,2.00E+01,,
639,2.08E+00,2.08E+01,,
640,2.24E+00,2.00E+01,,
641,2.08E+00,2.16E+01,,
642,2.08E+00,2.00E+01,,
643,2.32E+00,2.16E+01,,
644,2.32E+00,2.08E+01,,
645,2.08E+00,2.16E+01,,
646,2.40E+00,2.08E+01,,
647,2.16E+00,2.24E+01,,
648,2.32E+00,2.08E+01,,
649,2.16E+00,2.24E+01,,
650,2.32E+00,2.08E+01,,
651,2.16E+00,2.16E+01,,
652,2.32E+00,2.16E+01,,
653,2.08E+00,2.00E+01,,
654,2.08E+00,2.00E+01,,
655,2.32E+00,2.16E+01,,
656,2.24E+00,2.16E+01,,
657,2.08E+00,2.00E+01,,
658,2.24E+00,2.00E+01,,
659,2.08E+00,2.08E+01,,
660,2.24E+00,2.00E+01,,
661,2.08E+00,2.08E+01,,
662,2.24E+00,2.08E+01,,
663,2.00E+00,1.92E+01,,
664,2.00E+00,1.92E+01,,
665,2.24E+00,2.08E+01,,
666,2.16E+00,2.00E+01,,
667,2.00E+00,1.92E+01,,
668,2.08E+00,1.92E+01,,
669,2.16E+00,2.00E+01,,
670,2.08E+00,2.00E+01,,
671,2.16E+00,1.84E+01,,
672,2.16E+00,1.84E+01,,
673,1.92E+00,2.00E+01,,
674,1.92E+00,1.84E+01,,
675,2.08E+00,2.00E+01,,
676,2.00E+00,1.84E+01,,
677,2.08E+00,1.92E+01,,
678,2.08E+00,1.92E+01,,
679,1.84E+00,1.76E+01,,
680,1.84E+00,1.76E+01,,
681,2.08E+00,1.92E+01,,
682,1.84E+00,1.76E+01,,
683,2.00E+00,1.68E+01,,
684,2.00E+00,1.76E+01,,
685,1.76E+00,1.60E+01,,
686,1.92E+00,1.76E+01,,
687,1.76E+00,1.60E+01,,
688,1.92E+00,1.68E+01,,
689,1.68E+00,1.52E+01,,
690,1.84E+00,1.60E+01,,
691,1.60E+00,1.44E+01,,
692,1.76E+00,1.60E+01,,
693,1.60E+00,1.44E+01,,
694,1.76E+00,1.52E+01,,
695,1.52E+00,1.36E+01,,
696,1.68E+00,1.44E+01,,
697,1.44E+00,1.28E+01,,
698,1.44E+00,1.44E+01,,
699,1.60E+00,1.28E+01,,
700,1.60E+00,1.36E+01,,
701,1.36E+00,1.20E+01,,
702,1.52E+00,1.28E+01,,
703,1.28E+00,1.12E+01,,
704,1.44E+00,1.20E+01,,
705,1.20E+00,1.04E+01,,
706,1.20E+00,1.20E+01,,
707,1.36E+00,9.60E+00,,
708,1.36E+00,1.12E+01,,
709,1.12E+00,9.60E+00,,
710,1.28E+00,1.04E+01,,
711,1.04E+00,8.80E+00,,
712,1.20E+00,9.60E+00,,
713,9.60E-01,8.00E+00,,
714,9.60E-01,9.60E+00,,
715,1.12E+00,7.20E+00,,
716,8.80E-01,8.80E+00,,
717,1.04E+00,6.40E+00,,
718,1.04E+00,6.40E+00,,
719,8.00E-01,8.00E+00,,
720,9.60E-01,7.20E+00,,
721,7.20E-01,5.60E+00,,
722,8.80E-01,6.40E+00,,
723,6.40E-01,4.80E+00,,
724,8.00E-01,5.60E+00,,
725,4.80E-01,4.00E+00,,
726,6.40E-01,5.60E+00,,
727,4.80E-01,3.20E+00,,
728,5.60E-01,4.80E+00,,
729,4.00E-01,2.40E+00,,
730,4.80E-01,4.00E+00,,
731,3.20E-01,1.60E+00,,
732,4.80E-01,1.60E+00,,
733,2.40E-01,3.20E+00,,
734,4.00E-01,2.40E+00,,
735,1.60E-01,8.00E-01,,
736,3.20E-01,1.60E+00,,
737,8.00E-02,0.00E+00,,
738,2.40E-01,8.00E-01,,
739,0.00E+00,-8.00E-01,,
740,1.60E-01,8.00E-01,,
741,-8.00E-02,-1.60E+00,,
742,8.00E-02,0.00E+00,,
743,-8.00E-02,-2.40E+00,,
744,0.00E+00,-8.00E-01,,
745,-1.60E-01,-3.20E+00,,
746,0.00E+00,-3.20E+00,,
747,-2.40E-01,-1.60E+00,,
748,-8.00E-02,-2.40E+00,,
749,-3.20E-01,-4.00E+00,,
750,-1.60E-01,-3.20E+00,,
751,-4.00E-01,-4.80E+00,,
752,-2.40E-01,-4.00E+00,,
753,-4.80E-01,-5.60E+00,,
754,-4.80E-01,-4.00E+00,,
755,-3.20E-01,-6.40E+00,,
756,-4.00E-01,-4.80E+00,,
757,-5.60E-01,-7.20E+00,,
758,-4.80E-01,-7.20E+00,,
759,-6.40E-01,-5.60E+00,,
760,-4.80E-01,-8.00E+00,,
761,-7.20E-01,-6.40E+00,,
762,-5.60E-01,-7.20E+00,,
763,-8.00E-01,-8.80E+00,,
764,-8.00E-01,-8.00E+00,,
765,-6.40E-01,-9.60E+00,,
766,-7.20E-01,-8.00E+00,,
767,-8.80E-01,-1.12E+01,,
768,-8.00E-01,-1.12E+01,,
769,-9.60E-01,-9.60E+00,,
770,-8.00E-01,-1.04E+01,,
771,-1.04E+00,-1.20E+01,,
772,-1.04E+00,-1.04E+01,,
773,-8.80E-01,-1.28E+01,,
774,-9.60E-01,-1.28E+01,,
775,-1.12E+00,-1.12E+01,,
776,-9.60E-01,-1.20E+01,,
777,-1.20E+00,-1.36E+01,,
778,-1.20E+00,-1.20E+01,,
779,-1.04E+00,-1.44E+01,,
780,-1.12E+00,-1.44E+01,,
781,-1.28E+00,-1.28E+01,,
782,-1.12E+00,-1.36E+01,,
783,-1.36E+00,-1.52E+01,,
784,-1.36E+00,-1.36E+01,,
785,-1.20E+00,-1.60E+01,,
786,-1.28E+00,-1.44E+01,,
787,-1.44E+00,-1.60E+01,,
788,-1.36E+00,-1.52E+01,,
789,-1.44E+00,-1.68E+01,,
790,-1.52E+00,-1.52E+01,,
791,-1.36E+00,-1.76E+01,,
792,-1.44E+00,-1.60E+01,,
793,-1.60E+00,-1.76E+01,,
794,-1.60E+00,-1.60E+01,,
795,-1.44E+00,-1.84E+01,,
796,-1.52E+00,-1.84E+01,,
797,-1.68E+00,-1.68E+01,,
798,-1.68E+00,-1.76E+01,,
799,-1.52E+00,-1.92E+01,,
800,-1.60E+00,-1.92E+01,,
801,-1.76E+00,-1.76E+01,,
802,-1.68E+00,-1.84E+01,,
803,-1.76E+00,-2.00E+01,,
804,-1.68E+00,-1.84E+01,,
805,-1.92E+00,-2.08E+01,,
806,-1.76E+00,-1.92E+01,,
807,-1.84E+00,-2.08E+01,,
808,-1.84E+00,-2.08E+01,,
809,-2.00E+00,-1.92E+01,,
810,-1.84E+00,-2.16E+01,,
811,-2.00E+00,-2.00E+01,,
812,-1.92E+00,-2.16E+01,,
813,-2.08E+00,-2.00E+01,,
814,-1.92E+00,-2.00E+01,,
815,-2.08E+00,-2.24E+01,,
816,-2.00E+00,-2.24E+01,,
817,-2.08E+00,-2.08E+01,,
818,-2.00E+00,-2.24E+01,,
819,-2.16E+00,-2.08E+01,,
820,-2.00E+00,-2.32E+01,,
821,-2.16E+00,-2.16E+01,,
822,-2.08E+00,-2.32E+01,,
823,-2.24E+00,-2.16E+01,,
824,-2.24E+00,-2.16E+01,,
825,-2.08E+00,-2.40E+01,,
826,-2.08E+00,-2.40E+01,,
827,-2.24E+00,-2.24E+01,,
828,-2.16E+00,-2.40E+01,,
829,-2.32E+00,-2.24E+01,,
830,-2.32E+00,-2.24E+01,,
831,-2.16E+00,-2.48E+01,,
832,-2.16E+00,-2.32E+01,,
833,-2.32E+00,-2.48E+01,,
834,-2.24E+00,-2.48E+01,,
835,-2.32E+00,-2.32E+01,,
836,-2.24E+00,-2.48E+01,,
837,-2.32E+00,-2.32E+01,,
838,-2.24E+00,-2.48E+01,,
839,-2.40E+00,-2.32E+01,,
840,-2.24E+00,-2.32E+01,,
841,-2.40E+00,-2.56E+01,,
842,-2.24E+00,-2.40E+01,,
843,-2.40E+00,-2.56E+01,,
844,-2.24E+00,-2.56E+01,,
845,-2.40E+00,-2.48E+01,,
846,-2.32E+00,-2.48E+01,,
847,-2.40E+00,-2.56E+01,,
848,-2.40E+00,-2.56E+01,,
849,-2.32E+00,-2.40E+01,,
850,-2.32E+00,-2.56E+01,,
851,-2.48E+00,-2.40E+01,,
852,-2.32E+00,-2.40E+01,,
853,-2.48E+00,-2.56E+01,,
854,-2.32E+00,-2.40E+01,,
855,-2.48E+00,-2.64E+01,,
856,-2.40E+00,-2.48E+01,,
857,-2.48E+00,-2.64E+01,,
858,-2.40E+00,-2.64E+01,,
859,-2.48E+00,-2.48E+01,,
860,-2.32E+00,-2.64E+01,,
861,-2.48E+00,-2.48E+01,,
862,-2.48E+00,-2.64E+01,,
863,-2.32E+00,-2.40E+01,,
864,-2.48E+00,-2.56E+01,,
865,-2.32E+00,-2.40E+01,,
866,-2.32E+00,-2.56E+01,,
867,-2.40E+00,-2.40E+01,,
868,-2.40E+00,-2.40E+01,,
869,-2.32E+00,-2.56E+01,,
870,-2.24E+00,-2.56E+01,,
871,-2.40E+00,-2.32E+01,,
872,-2.40E+00,-2.32E+01,,
873,-2.24E+00,-2.48E+01,,
874,-2.24E+00,-2.48E+01,,
875,-2.32E+00,-2.32E+01,,
876,-2.32E+00,-2.48E+01,,
877,-2.16E+00,-2.24E+01,,
878,-2.32E+00,-2.24E+01,,
879,-2.16E+00,-2.40E+01,,
880,-2.24E+00,-2.40E+01,,
881,-2.08E+00,-2.16E+01,,
882,-2.08E+00,-2.32E+01,,
883,-2.24E+00,-2.16E+01,,
884,-2.16E+00,-2.32E+01,,
885,-2.00E+00,-2.24E+01,,
886,-2.16E+00,-2.32E+01,,
887,-2.00E+00,-2.08E+01,,
888,-2.00E+00,-2.08E+01,,
889,-2.16E+00,-2.24E+01,,
890,-1.92E+00,-2.24E+01,,
891,-2.08E+00,-2.00E+01,,
892,-2.00E+00,-2.00E+01,,
893,-1.92E+00,-2.16E+01,,
894,-2.00E+00,-2.16E+01,,
895,-1.84E+00,-1.92E+01,,
896,-1.92E+00,-1.92E+01,,
897,-1.84E+00,-2.08E+01,,
898,-1.68E+00,-2.08E+01,,
899,-1.92E+00,-1.84E+01,,
900,-1.76E+00,-1.84E+01,,
901,-1.60E+00,-2.00E+01,,
902,-1.60E+00,-1.92E+01,,
903,-1.76E+00,-1.76E+01,,
904,-1.68E+00,-1.92E+01,,
905,-1.52E+00,-1.68E+01,,
906,-1.68E+00,-1.68E+01,,
907,-1.52E+00,-1.84E+01,,
908,-1.60E+00,-1.84E+01,,
909,-1.44E+00,-1.60E+01,,
910,-1.52E+00,-1.60E+01,,
911,-1.36E+00,-1.76E+01,,
912,-1.36E+00,-1.52E+01,,
913,-1.52E+00,-1.68E+01,,
914,-1.44E+00,-1.68E+01,,
915,-1.28E+00,-1.44E+01,,
916,-1.36E+00,-1.60E+01,,
917,-1.20E+00,-1.36E+01,,
918,-1.20E+00,-1.36E+01,,
919,-1.36E+00,-1.52E+01,,
920,-1.28E+00,-1.52E+01,,
921,-1.12E+00,-1.28E+01,,
922,-1.20E+00,-1.44E+01,,
923,-1.04E+00,-1.20E+01,,
924,-1.20E+00,-1.20E+01,,
925,-9.60E-01,-1.36E+01,,
926,-1.12E+00,-1.12E+01,,
927,-9.60E-01,-1.28E+01,,
928,-1.04E+00,-1.28E+01,,
929,-8.80E-01,-1.04E+01,,
930,-9.60E-01,-1.20E+01,,
931,-8.00E-01,-9.60E+00,,
932,-9.60E-01,-1.12E+01,,
933,-7.20E-01,-8.80E+00,,
934,-8.80E-01,-9.60E+00,,
935,-6.40E-01,-8.00E+00,,
936,-6.40E-01,-8.80E+00,,
937,-8.00E-01,-7.20E+00,,
938,-7.20E-01,-8.80E+00,,
939,-5.60E-01,-6.40E+00,,
940,-6.40E-01,-8.00E+00,,
941,-4.80E-01,-5.60E+00,,
942,-5.60E-01,-7.20E+00,,
943,-4.00E-01,-4.80E+00,,
944,-5.60E-01,-6.40E+00,,
945,-3.20E-01,-4.80E+00,,
946,-4.80E-01,-5.60E+00,,
947,-2.40E-01,-4.00E+00,,
948,-4.00E-01,-4.80E+00,,
949,-1.60E-01,-3.20E+00,,
950,-3.20E-01,-4.00E+00,,
951,-8.00E-02,-2.40E+00,,
952,-8.00E-02,-3.20E+00,,
953,-2.40E-01,-1.60E+00,,
954,0.00E+00,-2.40E+00,,
955,-1.60E-01,-8.00E-01,,
956,-8.00E-02,-2.40E+00,,
957,8.00E-02,0.00E+00,,
958,0.00E+00,-1.60E+00,,
959,1.60E-01,8.00E-01,,
960,8.00E-02,-8.00E-01,,
961,2.40E-01,1.60E+00,,
962,8.00E-02,0.00E+00,,
963,3.20E-01,2.40E+00,,
964,1.60E-01,8.00E-01,,
965,4.00E-01,3.20E+00,,
966,2.40E-01,3.20E+00,,
967,4.80E-01,1.60E+00,,
968,3.20E-01,2.40E+00,,
969,5.60E-01,4.00E+00,,
970,4.00E-01,3.20E+00,,
971,6.40E-01,4.80E+00,,
972,4.80E-01,4.00E+00,,
973,7.20E-01,5.60E+00,,
974,6.40E-01,4.80E+00,,
975,8.00E-01,6.40E+00,,
976,7.20E-01,4.80E+00,,
977,8.80E-01,7.20E+00,,
978,7.20E-01,5.60E+00,,
979,9.60E-01,8.00E+00,,
980,8.00E-01,8.00E+00,,
981,1.04E+00,6.40E+00,,
982,8.80E-01,7.20E+00,,
983,1.12E+00,8.80E+00,,
984,9.60E-01,8.00E+00,,
985,1.20E+00,9.60E+00,,
986,1.20E+00,8.80E+00,,
987,1.04E+00,1.04E+01,,
988,1.12E+00,9.60E+00,,
989,1.28E+00,1.12E+01,,
990,1.12E+00,9.60E+00,,
991,1.36E+00,1.20E+01,,
992,1.20E+00,1.04E+01,,
993,1.44E+00,1.20E+01,,
994,1.28E+00,1.12E+01,,
995,1.52E+00,1.28E+01,,
996,1.52E+00,1.20E+01,,
997,1.36E+00,1.36E+01,,
998,1.36E+00,1.20E+01,,
999,1.60E+00,1.44E+01,,
1000,1.44E+00,1.44E+01,,
1001,1.68E+00,1.28E+01,,
1002,1.52E+00,1.36E+01,,
1003,1.76E+00,1.52E+01,,
1004,1.60E+00,1.36E+01,,
1005,1.76E+00,1.52E+01,,
1006,1.60E+00,1.60E+01,,
1007,1.84E+00,1.44E+01,,
1008,1.68E+00,1.52E+01,,
1009,1.92E+00,1.68E+01,,
1010,1.68E+00,1.68E+01,,
1011,1.92E+00,1.52E+01,,
1012,1.92E+00,1.60E+01,,
1013,1.76E+00,1.76E+01,,
1014,1.76E+00,1.76E+01,,
1015,2.00E+00,1.60E+01,,
1016,2.00E+00,1.76E+01,,
1017,1.84E+00,1.76E+01,,
1018,2.00E+00,1.68E+01,,
1019,1.84E+00,1.84E+01,,
1020,1.84E+00,1.76E+01,,
1021,2.08E+00,1.92E+01,,
1022,2.08E+00,1.76E+01,,
1023,2.00E+00,1.92E+01,,
1024,2.00E+00,1.84E+01,,
1025,2.08E+00,1.92E+01,,
1026,2.08E+00,1.84E+01,,
1027,1.92E+00,2.00E+01,,
1028,1.92E+00,1.84E+01,,
1029,2.16E+00,2.00E+01,,
1030,1.92E+00,1.84E+01,,
1031,2.16E+00,2.00E+01,,
1032,2.16E+00,2.00E+01,,
1033,2.08E+00,1.92E+01,,
1034,2.16E+00,1.92E+01,,
1035,2.00E+00,2.00E+01,,
1036,2.00E+00,1.92E+01,,
1037,2.24E+00,2.08E+01,,
1038,2.00E+00,1.92E+01,,
1039,2.24E+00,2.08E+01,,
1040,2.24E+00,2.00E+01,,
1041,2.08E+00,2.08E+01,,
1042,2.24E+00,2.00E+01,,
1043,2.08E+00,2.08E+01,,
1044,2.24E+00,2.00E+01,,
1045,2.08E+00,2.16E+01,,
1046,2.08E+00,2.00E+01,,
1047,2.32E+00,2.16E+01,,
1048,2.32E+00,2.00E+01,,
1049,2.08E+00,2.16E+01,,
1050,2.08E+00,2.08E+01,,
1051,2.40E+00,2.24E+01,,
1052,2.16E+00,2.08E+01,,
1053,2.32E+00,2.24E+01,,
1054,2.32E+00,2.24E+01,,
1055,2.16E+00,2.08E+01,,
1056,2.16E+00,2.16E+01,,
1057,2.32E+00,2.08E+01,,
1058,2.32E+00,2.16E+01,,
1059,2.08E+00,2.00E+01,,
1060,2.08E+00,2.00E+01,,
1061,2.32E+00,2.16E+01,,
1062,2.08E+00,2.00E+01,,
1063,2.24E+00,2.16E+01,,
1064,2.24E+00,2.00E+01,,
1065,2.08E+00,2.08E+01,,
1066,2.24E+00,2.00E+01,,
1067,2.08E+00,2.08E+01,,
1068,2.24E+00,1.92E+01,,
1069,2.00E+00,2.08E+01,,
1070,2.00E+00,1.92E+01,,
1071,2.24E+00,2.08E+01,,
1072,2.16E+00,1.92E+01,,
1073,2.00E+00,2.00E+01,,
1074,2.08E+00,1.92E+01,,
1075,2.16E+00,2.00E+01,,
1076,2.16E+00,1.84E+01,,
1077,1.92E+00,2.00E+01,,
1078,2.16E+00,1.84E+01,,
1079,1.92E+00,2.00E+01,,
1080,2.08E+00,1.84E+01,,
1081,1.92E+00,1.92E+01,,
1082,2.08E+00,1.92E+01,,
1083,1.92E+00,1.76E+01,,
1084,2.08E+00,1.76E+01,,
1085,1.84E+00,1.92E+01,,
1086,2.00E+00,1.76E+01,,
1087,1.84E+00,1.92E+01,,
1088,2.00E+00,1.76E+01,,
1089,1.76E+00,1.68E+01,,
1090,1.76E+00,1.76E+01,,
1091,2.00E+00,1.60E+01,,
1092,1.92E+00,1.68E+01,,
1093,1.68E+00,1.52E+01,,
1094,1.84E+00,1.68E+01,,
1095,1.68E+00,1.52E+01,,
1096,1.84E+00,1.60E+01,,
1097,1.60E+00,1.44E+01,,
1098,1.76E+00,1.52E+01,,
1099,1.52E+00,1.36E+01,,
1100,1.68E+00,1.52E+01,,
1101,1.52E+00,1.36E+01,,
1102,1.68E+00,1.44E+01,,
1103,1.44E+00,1.28E+01,,
1104,1.60E+00,1.36E+01,,
1105,1.36E+00,1.20E+01,,
1106,1.36E+00,1.36E+01,,
1107,1.52E+00,1.12E+01,,
1108,1.52E+00,1.28E+01,,
1109,1.28E+00,1.12E+01,,
1110,1.44E+00,1.20E+01,,
1111,1.20E+00,1.04E+01,,
1112,1.36E+00,1.12E+01,,
1113,1.12E+00,9.60E+00,,
1114,1.28E+00,1.12E+01,,
1115,1.04E+00,8.80E+00,,
1116,1.04E+00,1.04E+01,,
1117,1.20E+00,8.80E+00,,
1118,1.20E+00,9.60E+00,,
1119,9.60E-01,8.00E+00,,
1120,1.12E+00,8.80E+00,,
1121,8.80E-01,7.20E+00,,
1122,1.04E+00,8.00E+00,,
1123,8.00E-01,6.40E+00,,
1124,8.00E-01,8.00E+00,,
1125,9.60E-01,5.60E+00,,
1126,7.20E-01,7.20E+00,,
1127,8.80E-01,4.80E+00,,
1128,8.00E-01,4.80E+00,,
1129,6.40E-01,6.40E+00,,
1130,7.20E-01,5.60E+00,,
1131,5.60E-01,4.00E+00,,
1132,6.40E-01,4.80E+00,,
1133,4.00E-01,3.20E+00,,
1134,5.60E-01,4.00E+00,,
1135,3.20E-01,2.40E+00,,
1136,4.80E-01,4.00E+00,,
1137,2.40E-01,1.60E+00,,
1138,4.00E-01,3.20E+00,,
1139,1.60E-01,8.00E-01,,
1140,3.20E-01,2.40E+00,,
1141,1.60E-01,0.00E+00,,
1142,2.40E-01,1.60E+00,,
1143,8.00E-02,-8.00E-01,,
1144,2.40E-01,-8.00E-01,,
1145,0.00E+00,8.00E-01,,
1146,1.60E-01,0.00E+00,,
1147,-8.00E-02,-1.60E+00,,
1148,8.00E-02,-8.00E-01,,
1149,-1.60E-01,-2.40E+00,,
1150,0.00E+00,-1.60E+00,,
1151,-2.40E-01,-3.20E+00,,
1152,-2.40E-01,-1.60E+00,,
1153,-8.00E-02,-4.00E+00,,
1154,-1.60E-01,-2.40E+00,,
1155,-3.20E-01,-4.80E+00,,
1156,-2.40E-01,-3.20E+00,,
1157,-4.00E-01,-5.60E+00,,
1158,-2.40E-01,-5.60E+00,,
1159,-4.80E-01,-4.00E+00,,
1160,-3.20E-01,-4.80E+00,,
1161,-5.60E-01,-6.40E+00,,
1162,-4.00E-01,-4.80E+00,,
1163,-6.40E-01,-7.20E+00,,
1164,-6.40E-01,-5.60E+00,,
1165,-4.80E-01,-8.00E+00,,
1166,-5.60E-01,-6.40E+00,,
1167,-7.20E-01,-8.80E+00,,
1168,-6.40E-01,-8.80E+00,,
1169,-8.00E-01,-7.20E+00,,
1170,-6.40E-01,-9.60E+00,,
1171,-8.80E-01,-8.00E+00,,
1172,-7.20E-01,-8.80E+00,,
1173,-8.80E-01,-1.04E+01,,
1174,-8.00E-01,-9.60E+00,,
1175,-9.60E-01,-1.20E+01,,
1176,-8.80E-01,-1.20E+01,,
1177,-1.04E+00,-1.04E+01,,
1178,-8.80E-01,-1.12E+01,,
1179,-1.12E+00,-1.28E+01,,
1180,-1.12E+00,-1.12E+01,,
1181,-9.60E-01,-1.36E+01,,
1182,-1.04E+00,-1.20E+01,,
1183,-1.20E+00,-1.36E+01,,
1184,-1.04E+00,-1.28E+01,,
1185,-1.28E+00,-1.44E+01,,
1186,-1.28E+00,-1.28E+01,,
1187,-1.12E+00,-1.52E+01,,
1188,-1.20E+00,-1.36E+01,,
1189,-1.36E+00,-1.60E+01,,
1190,-1.20E+00,-1.44E+01,,
1191,-1.44E+00,-1.60E+01,,
1192,-1.44E+00,-1.44E+01,,
1193,-1.28E+00,-1.68E+01,,
1194,-1.36E+00,-1.52E+01,,
1195,-1.52E+00,-1.68E+01,,
1196,-1.52E+00,-1.52E+01,,
1197,-1.36E+00,-1.76E+01,,
1198,-1.44E+00,-1.60E+01,,
1199,-1.60E+00,-1.84E+01,,